Z,V,U,W,X,M,Y
0.30471707975443135,-0.059282646025932216,-0.4519509798535085,1.2027822329732678,0,-0.5381617007502391,0.2814359258872614
-1.0399841062404955,-0.7292869363736615,-0.6658777111204364,0.11884837474632604,1,-0.26233007168628547,-0.3814030615853176
0.7504511958064572,-0.4144730658358585,0.43400982345010697,1.6428384800236207,1,0.022426178033619792,1.688879173510493
0.9405647163912139,0.6339103777337424,0.25185441529500513,-1.0533827381075922,1,1.034632666138737,1.238260392665345
-1.9510351886538364,0.002993291199955732,-1.4047915476103274,-0.2630253411782891,0,-0.6363245718136437,-3.9443398571282753
-1.302179506862318,0.34020997686833787,1.1226782545637386,-0.1971576019855219,0,-0.8945891804399001,-0.5407868381265262
0.12784040316728537,0.6700792422021898,-0.09419457535083331,-1.4510208674908935,1,-1.2599266319568745,-2.782530897833314
-0.3162425923435822,-0.3748414628976096,-1.1109310952157205,0.7679508637195587,0,-0.2640928258279924,-1.3782277350739873
-0.016801157504288795,0.7562481636298061,1.188784114353874,0.31947701182789034,0,-0.07824027789513277,-0.12604590420560188
-0.85304392757358,0.37884260345839443,0.625675571596154,1.03512843568411,1,1.1399600094899394,1.8053434346152573
0.8793979748628286,-1.2348130869114786,-1.2645419919479142,1.3966177265386583,1,0.44691554310148157,-0.5102357960586557
0.7777919354289483,1.4423047911862443,1.7771828402577243,0.7717540452976623,1,0.2809005235542299,1.3987810950467434
0.06603069756121605,-0.5007447437569161,0.6587973683661927,-0.8117338827875498,0,-1.0030828861891457,-0.509989815539994
1.1272412069680329,-1.6550953431851838,-0.010196115625046132,-1.1723101979604473,1,2.1181100907077663,1.6592665524405723
0.4675093422520456,-1.0450437095863023,1.5902188056217794,0.1721132595060938,0,1.3375064424479621,0.5110422773299426
-0.8592924628832382,-1.021045160678322,0.15929778382964058,-1.363128250639241,0,-0.32047603069889374,-1.9752738806889578
0.36875078408249884,0.05217331865753347,-0.02808307510403198,-0.5902664085792545,1,-0.5013519592107634,0.35379785575586287
-0.9588826008289989,-0.2738505055462372,-0.660300116021989,0.8435858759153009,1,-0.46982692084091277,-1.7100745343421442
0.8784503013072725,-0.33683196764059287,0.5818504393070786,0.11591038907837309,0,-0.8298250637429215,0.4567731580119072
-0.049925910986252896,0.6197019654824789,0.4766029673239799,-1.561360729928487,1,1.6289060138314577,0.6718079514353567
-0.18486236354526056,0.3398753611927038,0.014680139889711287,-0.9602890177387993,0,-0.7676494668746998,-1.2467048887248955
-0.6809295444039414,0.31604787064428624,-0.789986353867603,1.7477532029297536,1,1.0537430488183532,-0.06509363352497477
1.2225413386740303,0.40982845732869266,0.12992985416607386,0.7215944797951928,0,-0.32007241018704546,0.024832028737017953
-0.15452948206880215,0.6161346680022383,-0.06979878576213788,-0.28161088999550316,0,-1.0866254307898402,-0.5381576499901861
-0.4283278221631072,-2.107953341777443,-1.333474318734201,-1.8146132638213879,0,-1.2530556656290062,-3.3377181772113578
-0.3521335504882296,-0.3644382522644612,-1.4718123513241856,-0.2710251639646096,0,-3.536690435322412,-2.9528044196662497
0.5323091855533487,-2.180210064489474,0.5651533788097695,-0.9648304900216259,1,0.6796265181880501,0.3753879990065455
0.36544406436407834,0.03605992679779541,-2.601888315051689,-1.330136651956509,1,-1.3332899464622057,-2.4081662960161268
0.4127326115959884,-0.00463297222434532,0.20541052696125997,-0.8445628570054474,1,1.4020972732639487,1.8491167616219129
0.43082100300788273,1.0455322747896802,-0.4780830577538245,1.0884709291993395,1,-1.7327164237907506,-3.289633813157214
2.1416476008704612,1.1876343927211208,1.3082466068799101,0.8265202458270239,1,2.422979257129092,3.2338693516925447
-0.4064150163846156,0.20277504825236733,-0.49346820915387574,0.7300237202735564,0,0.5146490053222531,2.3591349806106168
-0.5122427290715373,-0.5003610773968998,0.659484214251896,-1.6197890377291797,1,2.110923776534838,2.6400014102752136
-0.8137727282478777,0.48516111254573785,-0.3969138412377916,0.7355543440569967,1,0.15119204242843182,0.7409132332692486
0.6159794225754956,-0.5279176373243135,0.11374815348614345,0.6798078622645076,1,1.5344206892641643,1.4977251705933794
1.1289722927208916,-0.001392651443348899,0.7368365309200512,0.48573227902347127,1,-0.5644053857364735,-0.8050682872487427
-0.11394745765487507,0.9861363169607678,-0.46255571632458015,0.9082980669909907,1,0.8762630210832933,0.887753815012813
-0.840156476962528,-0.5577713459894236,0.996554884498404,-0.5309452524377213,1,0.2967012662890651,0.4822126250133879
-0.8244812156912396,0.8056786392425009,-0.9936978771064832,-0.20642181416235106,0,-2.2674945162289557,-3.111957643682017
0.6505927878247011,0.6774013686923024,0.2945928425583791,0.45637447514020746,1,-0.49149295577816565,0.5811534559041872
0.7432541712034423,-0.9547918171308215,0.9226397227878528,0.5149682355183651,1,1.0275677667577394,3.4068579246173663
0.543154268305195,0.973894128217401,0.6600374917903349,0.6406089134094476,1,0.03492403669240429,0.3166680066422788
-0.6655097072886943,0.6985663453715051,1.9164448767354103,-0.34492223995863613,1,2.0142693552717543,0.2940428719896826
0.23216132306671977,0.10192588737265744,-0.7634393173106605,-0.4127448966147135,0,-2.2815699317366267,-3.613904116377129
0.11668580914072822,-0.7623234580276522,-1.379149251348588,-0.39376199998563854,0,-2.9821700794519863,-2.151001126984302
0.21868859672901295,-0.85920601857557,-0.9943351084951194,-1.0436946916697916,0,0.7558996668766019,0.2228813113915576
0.8714287779481898,-0.5376625769030224,0.660442566548437,0.06592647307878319,1,1.7632745206614653,2.658310324836357
0.22359554877468227,0.54259446329196,0.4979229342693786,0.9460674421167592,0,-0.7405846166667928,-0.7865015212085518
0.6789135630718949,-0.9556251674013979,0.10225665964741577,0.14359554983155776,0,0.06039948551085827,1.036799918691846
0.06757906948889146,0.4375122486198699,-1.12295704910713,1.7648190261885315,1,0.7732736897549033,1.3285028183169592
0.28911939868998415,-1.2417555288783926,0.7668672933290608,0.027289411847214562,0,0.8946583301546231,0.14884816064385065
0.6312882258385404,-0.20406858443884895,-1.2247047776505404,-1.093412560010262,1,-0.1610938659598567,-0.9389157055904537
-1.4571558198556664,0.10964775457400863,1.1589495823768998,-0.8180091980085455,1,2.263702822386275,0.367015057671088
-0.31967121635730134,2.4451301450589167,2.857438423139865,1.8314300366861305,1,1.4908993471454959,4.12185360907551
-0.4703726542927955,-1.3773156555203674,0.3664511465715505,-1.5254815685453011,0,0.25837815953899,-0.5731956447197692
-0.6388778482433419,1.4720145664901334,0.5831081356577431,0.009844634901361449,1,0.7936784058154092,1.3038140788264774
-0.27514225122668373,0.14984241398728004,-0.4928597688955594,-0.32481471126291583,1,-0.12833510438628937,-0.8316595984525711
1.4949413112343959,0.41117191801596314,-1.8102133210868163,-0.15379883756658774,1,-1.0621377704945782,-1.9115070782329422
-0.8658311156932432,0.11834791338820451,-0.6027193630302223,-0.5795363673184063,1,0.1491822327497529,-0.4568997174477013
0.9682783545914808,0.444726818195233,-1.0928952410987494,0.031097432037276163,1,-0.19318755349569708,1.0607761905011215
-1.6828697716158048,-0.15368510436201774,-1.4470045764150157,1.0585764689159571,0,-1.9455704799118356,-2.093697526392484
-0.33488502998577485,1.4540501814574582,1.7223599419956492,1.3333971827860567,1,2.31965907393775,1.8165767007325457
0.1627530651050056,-0.4564711442247224,0.272862518025773,2.115761583560186,1,-0.357210446590279,0.7541939084347147
0.5862223313592781,1.1322345721792477,0.37968758061398367,1.0536511523194627,1,0.46717285543349596,1.4627722548449706
0.711226579792855,-0.6443671202130229,-0.30902236519624954,-0.7926721277034097,1,-0.036874339141726165,1.3601654739119828
0.7933472351999252,-0.06025184640128695,-0.17287108244343635,-0.04286355753813773,1,0.7009235415442854,1.0903131828432713
-0.3487250722484376,-1.0719625522902192,0.9645506822393334,-0.579638812342831,0,-1.5210825172289462,-1.0651930111913992
-0.46235179266456716,0.4550237203475199,-0.03233711869521544,0.7901724590421292,0,0.8708608013384246,1.8088442065067785
0.8579758812571538,1.4451259569265338,0.5306939380247327,3.20390957226172,0,-0.34796010603682986,0.012599700089087618
-0.1913043248816149,-0.07735617982085408,-0.19600429784501586,-0.9056582852378348,0,1.0984406301131444,-0.35608490935119885
-1.2756863233379219,-0.19688569870390954,-0.3421528907320472,0.7054752131886861,0,-0.6902997167700237,-1.588359906564567
-1.1332872140034806,-1.1146169630679268,-1.406914165601862,-0.6616506335788591,0,-0.9211303684071649,-2.620634108569671
-0.9194522860016113,-0.2292926535523081,-1.977749062367128,-1.749946012341418,0,0.6875816214008044,0.5629052002861324
0.49716074405376404,-1.5927942597215277,-0.2615619010664018,-0.4716807404880283,1,0.01049341254516245,0.16161714364789356
0.14242573607056525,-0.9128779867188273,0.05649669199323269,0.5555787311632195,0,1.273877833709263,1.5216166485304221
0.6904853540677682,0.22678604610913541,-1.286130036708791,-0.6802832878123042,0,-0.7583555371948902,-3.5007458827239977
-0.42725264633653426,1.3190131977413961,-0.03447486503463288,1.0198964263463184,0,0.39404441397201717,2.804950782917762
0.15853969107671423,2.809210861229503,0.053752562990502024,0.46583020975130895,1,0.5532851784654857,-0.15879963814761822
0.6255903939673367,-0.5865850850709007,-2.156008006059379,-1.716342826039639,0,-0.4888733374566909,0.9404598881229442
-0.3093465397202384,1.43530015664544,-0.9151246594795012,2.167563699800696,1,-0.8029089017303421,-1.304109418509866
0.45677523755741145,0.2437524804016479,0.4072638937354685,-0.2762895712941491,0,-0.7315449089031949,-1.552161658610529
-0.6619259410666513,-0.15124764674637586,0.3870587293957439,-1.2267761394002124,0,-0.39859977815166053,-3.18711128847143
-0.3630538465650718,0.4325944517261522,-1.1536749163997606,0.5668840368048284,1,-0.16556807184376052,0.40470980490061703
-0.3817378939983291,0.06191648367995918,0.15844805049973495,-0.4741175741606551,1,0.32741900575950633,-1.0502536285637558
-1.1958396455890397,0.11039572561221853,1.0224072253604721,-0.38471299179800567,1,1.7941673561946692,0.27468974676297053
0.4869724807855818,-0.4083331628266692,0.7770729589908982,0.42082615867010126,0,1.7865169343958769,0.5332082025440374
-0.46940234020272387,-1.3981096597988507,-0.09528578701393456,-2.25225889357745,0,-1.034915525183648,-1.2146100041475871
0.01249411872768743,-1.5436252025220816,-0.4679763133242924,-2.109392870649056,0,-1.024094105874994,-1.1463585658406918
0.48074665890590895,0.653244883281227,-0.6293444843345044,0.6636110011082257,1,-1.3764329986002466,0.8798009985148612
0.4465311760299441,-0.2767000900857134,0.4678197829096571,0.7535837204813489,1,2.7704212561630914,2.2728751998495746
0.6653851089727862,-0.5960888996561666,0.19510397314288802,0.7732109597580397,1,0.8756339624704175,1.4521397330067078
-0.09848548450942361,0.008505626723153567,0.6294040061022004,-0.6584273315175633,1,1.320032803834942,-0.35763155537423263
-0.42329831204415375,0.7949322529156275,0.13187381312115198,1.5574241241938374,0,-1.258446620895934,-0.8907307873309266
-0.07971821090639905,0.1803639430263982,0.8187639503474419,-0.6434584179098183,1,0.9564636602085395,0.08361540359371056
-1.6873344339580298,-0.6560549366409674,0.09459253295770016,1.3144864963268454,1,1.0178953548468592,1.7569683545089996
-1.4471124724230873,1.2262929556489497,0.7846887161316864,-0.1772625200135476,0,0.2337493134672206,0.9700611629218794
-1.3226996123544024,1.579185502981632,0.8708227703666389,2.5602435031174036,1,2.0656157424537107,3.8410430880478623
-0.9972468276014818,0.4945566553228533,-0.8045266302248135,-0.2707319156668983,0,1.8130246149034452,0.5972438083176346
0.3997742267234366,0.9736635113440901,-1.808144046870746,2.7727039936429905,1,-1.6181121361538144,0.7378569847404847
-0.9054790553600608,1.241959996813811,1.5434928560145533,1.5600495263672571,1,0.3848783247523264,0.8669607240529792
-0.3781625540393897,1.1300993164045137,0.2566587307122617,-0.13453906261270132,1,-0.2686276524869744,-0.6814335416584834
1.2992282977860654,0.6140991771126236,-1.7144858954961215,-0.04324112139466035,1,0.9932179048088954,0.365487161165839
-0.35626397106142593,0.5983470470748828,-0.7138194972187111,1.2478919019421504,1,1.0497872287540835,0.9066455299768849
0.7375155684670865,0.5196605733465026,0.7718742923698284,1.4579796648258334,1,0.7930342434756452,3.202643972404413
-0.933617680009877,-1.0973376745470436,-0.279676831132893,-0.9266389778711567,0,-0.1368399709015194,-0.33967546533027093
-0.20543755786763002,0.7007231568595857,-0.5120614193191271,0.5912223433139433,1,-0.6840217061745801,-0.23400961413895097
-0.9500220549105812,-1.355813971126554,1.4008818603129667,-0.2991818648346467,0,1.7585739111372234,1.1210758098033975
-0.3390330759005625,-0.7945994551250549,-1.0472871463838105,-0.48798914798672294,0,-1.0292198548665161,1.2348945129108044
0.8403081374573955,1.3035650678080875,-0.7981533577548339,-0.27672410644806744,1,-0.3049316212629963,1.0116727731686306
-1.7273204231923487,0.8402201626941975,0.21138647504826755,-0.1576022977387066,1,1.1898493860591826,0.09317717119359803
0.43442364354585733,1.4873982896858626,0.39045493205388226,1.395290609106638,1,0.5040871197901858,0.8516360022770645
0.2377356023322779,-0.27167438368729224,0.4963430343407315,1.0035763972216056,1,0.5227666877934071,0.7343719553854446
-0.5941499556967944,-1.1522488412767675,0.9112380445689469,0.7172283279661691,0,0.5755427931618221,0.9122954627079634
-1.4460578543884546,-0.24043719707034283,0.19857862068151685,0.5919884070565828,0,0.9184741586156171,0.21952246884492022
0.07212950771386951,0.1020312972405742,0.48938393893840915,0.3668751728840116,0,1.9499111176256467,2.419367023096476
-0.5294927090638024,0.07898871634000969,-0.2592092593150832,0.8104250847276846,1,0.8747764914707304,2.5452790033617037
0.23267621135470395,1.1336804787567016,0.06269830323671424,0.21751992322337166,1,1.2921871716310298,0.011887435074855679
0.02185214552344288,-0.36127042500344553,0.10753418005363442,-0.43502189176090167,1,0.316817129532129,-1.0177254411663272
1.6017788913209154,0.35203447180292424,0.21509813581903608,-0.5495438333331957,0,-0.5744370189609146,-1.0454575753925126
-0.23935562747302427,-0.9886271494346061,0.7725398075827608,-2.0198717872667045,0,1.1329609129364266,-0.28280301117312895
-1.023497492621865,0.450317278043813,0.555145681944831,0.684796488510379,0,0.5154311474063666,2.6392246578524725
0.17927563495631615,0.003108550185636745,0.0442170029001831,0.18793797572954027,0,-1.3952141069516357,-0.191720737342159
0.21999668397176517,-0.7498133382845175,-0.8091259849410398,0.10279808064708917,0,-0.8297277340890428,0.24547830301003215
1.3591875752404365,-0.2358293621748528,0.06767125806270954,0.36216492839606196,1,0.40905915651732633,0.44848462603927647
0.8351112459145785,-0.18417574651522164,-0.028017784895743934,0.09898718904198914,1,-0.07782889366383994,-0.2075653246372347
0.35687105914950934,-0.2701551293370962,0.19318157981319836,0.3458956647946193,1,2.0515081740263104,0.6513255616301927
1.4633028912195618,1.7713412422676835,2.206525307140402,1.3389630727413164,1,2.297884727329266,3.6847565216013436
-1.188763054322851,-0.09844600230787963,-0.5237727785412354,0.3361035134222545,0,1.048435795193082,1.4560852080479505
-0.6397515327497477,-0.24389611017733773,0.42228901912535954,-0.9163833686246831,0,0.5252444535098825,1.2972621586763935
-0.9265759414055249,-2.0974509576101417,1.0684620672442982,-1.2663058212967804,0,0.7438343181165425,-0.18403017304811642
-0.38980980315576796,-0.8942073519794773,0.09800191409938289,-0.029064049257982894,1,-0.42583663086863177,-0.6009800284994069
-1.3766861475563088,-0.26307342445635284,2.337845119172165,-0.8748786991481583,0,1.461393507083309,0.9739744503320851
0.6351509468144043,-0.6858526761766428,-0.3780392917314767,-0.48313298842493463,1,0.22866956480192466,0.9793827088360361
-0.22222269709877338,1.381707593377797,0.32408922232004705,0.45412941320532196,1,-0.716178566195804,-1.9698749916041287
-1.4708062945026579,-0.16493777539621862,-0.798805744892982,-0.6551581613251655,0,-1.0347870316040437,-0.6992186333085528
-1.0155790812075416,1.2884442493182524,-0.35152473514329313,-0.1199428406339178,0,-0.5412279343052041,-0.7074382431062354
0.3135138474501953,0.061704634050368024,0.2489339103966579,1.3139045397258426,1,1.0178185685016494,0.49366975300347526
0.8381265678943811,0.037227836421576635,0.8463040623077297,1.0947228871288774,1,1.4360586306164986,-0.16938393088903592
1.9967308916917865,-0.08879644771250095,0.3190948340235742,0.4681726250115864,1,0.06652031512941114,0.3862794258669134
2.9138624660073296,0.0037962516214591325,1.259114849334736,1.975157028208552,1,1.6995208091294212,4.256386978475062
0.4144094332759964,1.7187950030498593,-0.09496531059267174,1.1514144058104985,0,-0.24095742191597347,1.9995756851839335
-0.9895381200318641,-2.3196107267512183,-0.33216852983900536,1.222466048244684,1,-2.62556451335514,-1.689378341609112
-2.132046280731309,-2.001545744438679,2.7039851072793866,-1.7887350960253898,0,1.1917687345616774,2.02402847919862
0.2677114623438358,-0.5431708310561139,0.39423764944203077,-0.1684798964677524,0,1.3234159827964376,1.1501919156675073
-0.812941095310326,0.014527881937568883,-0.7194815459785476,-0.38644616602890447,1,-1.6778843151343792,-0.8789830552149628
-0.41535726017968533,0.6901044247640123,-0.6942637622480688,0.9106070113762346,0,-0.3177523321782625,-0.40917598676378963
-0.6120967990598081,0.4730871980274752,-0.9426799145313405,1.204622942347675,1,1.450799667175856,1.273060132521123
-0.14079088641638526,-0.3842459128805702,0.9365693558567879,-0.4136282050999287,1,0.2700600476207279,-0.6225162160204588
1.0659802307876436,1.0190436932417624,-0.36437729289324183,2.5715739278461953,1,0.22623515883387593,-0.6057760304325503
0.15704856744534462,1.030195403152731,0.12736247565648562,1.0427016990925908,1,-0.7750515223209001,1.0350723885661832
-0.1586348370386883,0.18405783127156553,-0.06350867443826871,0.41405049450202025,0,1.5878557635118455,0.9924926047488393
-1.0356537528258116,0.9626575724868413,0.7314924079409346,-0.15812478797398133,1,0.8201926659267652,-0.24128824713947228
-1.674682944704357,0.2726452634321288,-0.8467440928840201,0.631162380027445,0,-0.47835449479407427,-1.5711503211709297
-0.4863079090733309,-0.5614830267828836,-1.0755722861430155,-0.5719839817000149,0,0.6874456480969527,0.12579187588334373
-0.05378255081832049,0.6978168390000047,0.22429730718159427,-0.06394259491728316,1,1.2505427250980694,2.892009997480134
1.767929913579883,0.11061312257867771,0.600959284699897,-0.6901961725369953,1,-0.05303397598280357,1.9775037877331871
0.13027452147288585,0.001339846754486929,0.33253231309764075,2.672808460225185,0,-0.44110788996677863,-0.9048538877828827
0.9827395110230576,1.4729535721895743,-0.8094537290973276,0.8854265361288325,1,0.44306999248295553,0.5660966440012618
-0.49929559853915206,-2.4508721285400865,0.6774848420913938,-3.3686656810425353,1,0.2459195470337242,-2.319087262010715
-1.1849437664170246,-1.4176841701595697,-0.7438609270956342,-1.8040151124570372,0,-2.5784370869198203,-2.3393779376146524
-0.9651167622323719,-1.18707042637437,-0.5215386447863833,-0.9774827720482223,0,-0.3765947584066354,-0.6094223490951882
-0.7252260645357532,-0.3632606475688056,-0.9439535247220022,0.2633237275128166,0,-2.0654638464524506,-2.5385008901397508
2.1284697324351645,-0.2546081697660301,1.3011583486520308,0.35620214930780997,1,2.8729999297279853,3.1743310046569753
-0.8213866792243861,-1.5073256477730475,0.6334215410273492,-0.4990994534864517,0,0.5695089932001092,-0.26916829102995143
0.838489203736345,-0.9851580323108263,0.6049933756788733,-1.413283571839774,0,-0.5300791638226741,0.6225641326144318
-0.9029271780870264,-0.8608416785235702,1.2472114211424503,-0.3310160657468393,1,0.5246386664458654,0.7751560333882388
0.9315730128742441,2.457424092075892,2.8126492482387233,1.0407313277086172,1,0.3044449460340881,1.5215761833164971
0.38495096610586316,1.8017419477471466,-1.7092261039101555,0.7857157362287627,1,-1.7091820712048003,-3.8685554120812315
-0.1566378976580904,-0.4117494176846493,-0.7383765808771081,-1.238873520294286,0,0.5585297223968921,-0.10043457742179578
-0.040762526135434025,-0.3635832903067989,-0.6161750841745238,-1.4719838210375726,1,2.2997575933041867,3.583733349388165
-0.6547876954293904,-1.1492039971882941,-0.8508196223826928,0.1678303710511393,0,0.19888834732168892,1.4981398921920241
0.44607220148208054,-1.9081304132252668,-1.0775832476037126,-0.7997300213368204,0,-0.760144152135331,-2.8399181703883234
-0.45498348034078,-0.11688018640852403,-0.2996530640553656,0.8854988245794811,0,-0.6177442753682433,-0.5663113666511848
-1.2256057637672482,-0.9978519832440257,-1.216603715289405,-0.7390114809060437,0,-1.7107901170557933,-3.2696579608599503
-1.2779375743196193,-0.08485053166200977,0.3350423675374132,0.7106242841687789,0,2.2674921672129367,3.9593058334019258
0.17258791772211948,-1.6002058490434774,0.051698321428614635,-3.009449966896457,1,0.29330425742136623,-0.7545758147838219
1.579091256410435,-0.7619744583102578,0.4810286647636553,0.268747440563354,1,2.8638676022159704,2.2164445731050155
0.15999161357343825,0.14862709530283086,0.5077284516382525,0.2930489643412383,1,2.158311149625778,2.188197277124042
-0.11863832610988256,0.3662095977839374,0.6030068534266765,0.9127530864206368,0,-1.3669321822217342,-3.5015516137681075
0.2858261396025429,0.41747195874201454,-0.3734089368238823,0.7056514268673846,1,-0.4474659365900988,-1.1605171127840626
1.3060017417068248,-1.3204889841570373,2.1211434026336673,-2.017036562179376,1,1.0960637854590511,0.35823755098798277
0.21938250136385634,0.8546857301355617,0.23443111648209775,-0.8313849058853084,1,0.5155009281131612,0.996115447245181
-0.41092723083373717,-0.8002116966018503,-1.862484752624795,-1.3362192895324065,0,-1.2150547997411263,-3.699309918863909
1.1062887100598888,0.6328579146073064,-1.0023757457662175,1.0585464546666112,1,2.824766133023088,2.8448697038234707
0.4287564384616135,-0.010638676618193147,-1.7405029890278156,0.6817932474132048,0,-2.1563397276720044,-0.6468007748284545
1.535755991995992,-1.3763874990779479,0.01733462915130733,-2.441524526662662,0,0.23971740573820052,-2.0787234045422114
0.18323443722190613,-0.31619770458118795,-0.12180522405333363,-1.2277335770415412,0,0.5409885035547363,0.22819718180106294
-1.2244690317205003,0.3653637420637676,-0.4684256978994578,-0.4382519671311006,0,-0.29199593716686006,-0.5532110384492146
-1.368159199245665,0.612965380474599,2.010926112400514,0.12080793650337157,0,1.356954767469677,2.8504349708979153
1.6509279322312496,-0.14098789744441861,0.5489828740769108,-1.4720213908592987,1,-0.2544395123789025,-0.885113506503453
1.723665720783297,1.5317788906010528,0.7260983614463344,-0.22726423147131136,1,1.0066671786994092,0.8909528019845451
-0.17951921328260065,1.007510770986559,-0.9310734879421032,-0.035976895038037915,0,-0.06586656634973209,0.7548962838663433
-0.38318732113598775,-0.25665411639975283,-0.9991448913310123,-0.11393637456680154,1,0.158130751645901,-1.2780940618300598
1.4614442922422022,0.7501218121369445,0.03680549909695475,-0.5954993262866739,1,1.0430203133522034,0.6830487325549071
-1.107045682043488,1.9337934851881868,0.17300713965222583,1.3925554084750198,1,1.969872327220612,1.831139140453264
-0.8947270189558264,1.960484600783027,-1.856311567114457,2.587730804752576,1,0.23605337030337836,1.0770275552563922
0.6433267946890444,-1.2279998808224974,-0.18030702284953407,-2.259619644455058,1,0.4095042593307259,0.34124144633431386
-0.3946051228595896,-0.9265331111571506,0.014072082873504806,-0.929141585113117,0,-1.1630336605017049,-0.9782893667547995
-0.005121866720071296,1.484918786733851,-0.21514916577112894,2.1829933874031764,0,-0.7333977574892194,-0.49272090908389365
-0.16344289852451258,-1.0582810508376372,-0.8133904123466764,-1.2437276100171664,0,-0.7239332075723547,-1.0926091288306456
0.33757454879893356,-1.322541133291679,-0.53953518192114,-1.6052517748259285,1,0.36783401855034054,1.186153679521053
1.4074818613137168,-0.4861941306990469,-0.17685919357279603,0.7842643923612171,0,-0.5879854615145286,-0.8579858473197103
0.09058490690174555,0.42022670947458574,0.09080002361004777,0.02157475441862905,1,-0.429437184546122,-0.23315661893364345
0.6439387932768579,-0.10239670661109637,0.604791582550568,1.0246255940489126,1,-0.36322790793898496,-0.0066615827548606454
-2.0501721010310225,-0.6505636204055921,1.0808562049508712,-0.0784742327891631,0,-0.9810469119859908,-1.2756449372171217
-0.04871840193011795,-0.674212461724509,-0.2943477235272498,-0.8687303730549538,1,0.03255370763853624,-1.9802701268101075
-0.8432302702928711,-0.7123370644127087,-0.45615619611535785,-0.07593237964438243,0,-1.752482283661827,-0.3613165278784525
-1.218813060423628,-0.8795096286589426,0.43765567353430623,-0.36556799650793737,0,-0.7291791665661222,-1.7681284621481619
-0.8781523669287508,2.2816328772760617,0.6108449164108543,2.8005564652778023,1,0.43482197533042716,2.5205358795795476
-0.33412344070081207,0.2975110711855549,-0.4342004332588856,-0.31628690234028567,0,-1.6051215780119428,-2.2935790908960465
0.9159025423560131,0.8867590544047386,0.7903934769661722,0.7328781292173158,1,1.3197961442177237,1.0361106882964504
-1.326392717739564,-0.4890774681189237,0.9795853411559731,-0.4429961047373979,0,1.3475659751223905,2.1034402289860656
0.030631492594417446,-0.18595667718604886,1.291686465658673,0.5591019334346666,1,0.7014185889329787,1.8905998165997753
-0.4841694333335785,-0.713553981370355,1.7783209067198225,-1.5817512999130527,0,0.6655316545562882,0.08451525240535304
-0.32767309436196085,-2.651708334919202,-0.8664161386594389,-1.0513554529991216,0,0.0002517641702253215,0.2667043434279522
1.0027578253046041,-1.3780092768478662,0.01389820933251119,-0.6085184637709191,1,-0.2553782074485221,-0.6573589353154221
0.5381154370039261,-1.8106186799803947,0.011277696618660139,-2.729207644017654,1,-0.32574173969372583,-1.4149117257511359
1.3373981074427437,-2.2497837779516074,-0.0980735685325076,-0.5465685213217535,1,1.5856928656961358,0.7519072624327899
-0.15450567924990047,-1.1953589742981028,-0.6492629196101362,1.301713080845211,0,0.4816447285545027,1.891645433316901
-0.695942611670703,1.3249556793816308,-1.4855620032310715,2.03529939946708,1,0.13050156034065524,0.21265932220311
-0.22385881688049952,-0.04443616770435442,0.0926794460290038,1.3923245564170728,1,1.4331058779320753,3.3875427244795593
0.2424967912712216,1.290563762321174,-0.7683556595479125,1.0920111162131039,0,-2.453659234287069,-2.0966478933699055
0.17657335845371103,0.4109825769008753,0.085993480747625,-1.3409385097558273,1,1.8571515048566347,1.1940104409369814
-1.0843880722333665,0.7825588257151592,-0.7940435416988534,-1.2337245671097006,0,-0.1002448792695469,-0.00597173031385323
0.09048978162787422,-0.9008969953045751,-1.0996583458443414,-0.44761761246981013,0,0.3289932095822432,0.1491162043506735
0.22822833013890514,0.5239509541926708,0.2342983603768977,-0.18329706345969676,1,0.9824267625500392,0.5666005205166145
2.5174740375339204,0.7287142340743459,0.15092152680649595,-0.3461791757493615,1,0.5924961713001837,0.6994125708078837
1.8768446112816701,-0.5766472922336929,0.579281971320933,-0.5125315719109559,1,0.5338456098569238,1.4138959942694291
-0.8532433505588201,0.5595403706161663,2.1858637664176253,1.052026776941898,0,1.722379912065133,1.2804109745962378
-0.2873833615491761,0.5661877585748329,0.2772895312108468,-1.0111310950737775,0,-0.1398283995538271,-0.7284236267414412
-1.4634420018370031,-0.5495526211300829,0.4850817670641296,-0.8775286647618494,0,1.1686267956448728,0.5295248612008013
-0.5907070139634865,-1.122768432270995,-1.0775613288673254,0.6341113059489392,0,-2.254544668449942,-1.0362653963879995
0.3156050035903405,-1.1841283318982723,-1.2869074405363745,-1.998908479102027,0,-1.33945847492683,-2.164043751100516
1.2058536208882336,0.08650554192146179,1.5828294467733337,0.9372355098636965,1,3.4761775054761133,5.600916414543367
-0.7290838377436085,0.3270098687893148,-0.9234797799333037,-0.22966306389332836,0,-1.1986379271310406,-1.4648078663277633
-0.6541464400677965,-0.7925258304579145,-1.043944071468642,-0.07237638790722056,0,-0.8859290473740362,-1.177758536472052
-2.147289029738655,0.02658534132609864,-0.03909892121655298,1.1180640734372242,0,-0.9068222645043391,-0.8127568498947859
-0.16266592054490767,0.5705370361384854,-0.09019241337738836,1.1863006551730402,0,0.2799263765918431,-0.5673471863740267
-1.062414411859563,0.6181907146653008,-0.9025065064432917,1.3913483596528111,1,-0.8458189241370357,-1.3631725250971627
-0.5294394273660737,1.5518801201224885,-0.3049732187131,0.05887296028758504,1,0.0753056695908279,-0.5041443696535514
-0.8768607781675882,1.2769808321980434,1.2293757176501043,2.1097047558557724,0,1.6110794809781352,3.4273149100159914
-0.09426255425255699,-1.001291432756544,-0.8059936088317976,-1.6337004321849244,0,-1.1984794562905303,-1.8624572716045533
-1.7577283913566313,1.6835862095380225,-1.3936724843661716,1.5727390090111961,0,-0.07546582104180555,-0.10705432018613337
-1.4670452453909906,-0.5309765045557148,0.9425936208997923,-0.1559154865562306,0,1.4066373605182276,2.276947949768539
2.129247112028298,1.0448728124544275,0.4922969119380367,1.3001233525840346,1,1.8101801801208766,4.07049986657949
-1.287422581274031,0.06798662605108885,-0.6205186206486616,0.3899862443800398,0,-0.2441805498841299,1.0286236990333126
-1.0967855784546396,-0.4121493784569676,-1.582167016126918,-1.1652864937211578,0,2.2603155269780966,0.6053481253552714
1.836913528321314,-1.8076968597749328,-0.7446233564385631,-2.759870962920164,0,0.5928672155501729,-0.8918278651058946
2.905067169240407,-0.1715645102163482,-0.05470443684927131,0.738528361993017,1,0.7409608735602784,3.198055610384028
-1.1715666288253417,-1.559383235305609,1.165672089883819,-1.0304843460194595,1,0.2967922816462326,-0.07825541660464358
-0.36824895678803055,0.9672992358427723,-1.036581974869657,1.90387024491518,1,-0.2897399502933282,0.23370662226220962
0.34155555094050954,1.516792657139248,-0.08451988151147344,1.1383653383807455,1,1.8239246503629205,2.94849720329434
1.7286976444055924,-0.7969109892966902,0.675144659894898,-2.026754932328379,0,2.1281243047611054,2.339680743657465
-0.9868570784282374,0.30197074251927114,-2.3812673401219207,1.2016668601691376,0,0.0019433495646383747,-0.18121692615609242
-0.24527784594210975,-0.7253915220079754,1.0337861679388998,-0.9361759968273279,0,1.4261397308517374,1.1113081097038222
0.777337576061744,-0.6284847301367896,-1.1824505722064373,-0.14821463208567476,1,-1.538779561063563,-0.4671833294808686
0.43476607446661863,0.7744947038653713,0.3319954934569346,-0.04335355946452957,0,0.6929990237689695,-0.4779204947437987
-0.37615607123009925,-0.03853826184341251,0.24668314961074406,1.6142418659958289,1,-0.6384588252943364,0.0638024630207005
-0.13382296451604114,1.7396480419310116,1.084586391463845,0.4803606485229921,1,-0.36502763067317456,-1.2647072560989665
-1.3748958083699818,-0.482232478702921,0.5509243808935403,-0.7135710874944531,0,0.5807318007312335,-0.9290719449574761
-0.23817374397466523,0.9993363324744892,-2.377290491729981,0.8869310420274179,1,-0.5007206576028379,-0.6783525276958602
-0.2663874900089551,0.09741341295778198,-0.7847792471559913,-1.0161998649798882,1,0.86681396524409,0.811660209913958
0.23216988962625595,0.7957780097442332,0.13820512935328008,0.951226376188097,0,0.5828234205851276,0.659212579918329
-0.555327218819016,-0.4471576573299467,-0.19497988611978695,1.2631275047501318,1,0.8606984563484804,0.6229837280317653
0.471538522545139,-0.04955883755158271,0.47761072975677044,-0.529118053983945,1,-0.23853393254317878,-0.3365027492224253
1.0127158178198286,-0.11549887929893475,0.7893665556697054,0.30505369317855635,0,0.38443057983055096,-0.5266161446406603
0.15542932766846604,-0.8360571148457872,0.6084517364296791,-3.4015599356182693,0,-1.1298767090480868,-2.0644470812997655
0.35175640839920347,0.6620815345817527,-0.21427494255446522,0.4774943964889264,1,-1.6862195937839641,-0.18574653667864194
0.053155347577867364,0.6502490055783642,-1.8463370111204804,0.19415193842491868,1,0.045913762948376124,0.05389128726181602
8.439309141418043e-05,0.5935546949055667,-0.4554812488548173,-0.3555249403840429,0,-1.0355227680809453,-1.3185499208787421
-0.7215580335428474,1.5369656539176446,0.4163681481389552,2.280283679684295,0,1.1306467539892058,2.3116612723292076
0.316494261673308,1.4493448012363035,-1.0904472525504776,0.8042452633404886,1,0.8822702812987426,-0.8209883399697739
-0.09728659841348947,-0.37494468984913537,0.6312747301215763,-0.46993434517591304,0,-0.22792699194782035,0.11012632786699822
2.093168308930595,0.37305231843417824,0.9083932972673044,-0.08621206641041212,1,1.6035149388610277,4.828195388490119
1.5733549024752425,-0.6236006892582127,0.12686697629584257,-2.4032244093864823,1,-0.13249920331021925,-1.0747508389076301
0.3858465525565008,0.023355316114555456,-3.063779866312396,-1.1137692935076078,1,-3.2954223917405097,-3.612628602410931
-0.7630572096947675,-0.5997494491188647,-1.2780883627118034,0.4932889158075018,0,-0.6691053804388597,0.23425579282844988
-1.112411471983418,1.620070309136051,1.8861891585560817,-0.8462958057538519,0,0.6985633985890098,1.7864759410537405
1.191142953088865,0.3636981503429628,-0.546537793028378,-0.48263079234819456,1,-0.3289424422647261,0.6163687163197685
0.2627492251471385,-0.21802912810442213,-1.984143223128996,-0.5697827762112131,1,1.195174319505548,-1.2549439559450843
0.4801434033916108,1.193618571856377,1.2352473883102724,2.6746443533395396,1,-0.31000360198030297,1.4876112021979764
-1.7445859869741926,-2.1706154097954116,0.013355591543672855,-0.924476254144052,0,0.3911516021285482,2.3113801676326373
0.9274384815581808,-2.0141025948652898,1.1049404889577255,-2.1281705510480258,1,0.1402558660090384,-0.04166733220021679
0.45442033821436295,0.7958386552197739,0.2769586752193653,1.9252678481869747,1,1.5299757879033309,1.1552153881666147
-1.110430684414478,0.06046844811736806,0.4585591362121688,-0.6933504309695726,0,0.5827379006266105,0.3812791977105634
-0.47152480744994896,0.25044630026076065,0.3630092477145166,1.2044479179373988,1,1.0544100827636138,0.15652850537368201
0.2637172043565196,-1.3263961033185487,0.697488311921,-2.3934662065114836,1,-0.062446864211239905,0.17982087331881624
0.05246679835624363,-0.023233710850366202,2.2774304485560983,1.0551355373258715,1,1.0964189648164575,0.5243160140878164
-0.292171185803555,2.003509410401342,0.9710063359591881,1.1566036946420613,1,1.9792744356405827,2.3743261943793894
-0.10348826806596086,0.8241996197958629,-1.580339317845535,-0.38562853750049664,1,1.240987344663331,0.11706448257126179
-0.25197737820688537,0.1697065451428121,0.4466615152789034,-0.0847725078649206,0,0.7572379566971073,0.08857400463150789
0.15256251210246857,-0.43905391010493766,1.1414807681032177,-0.0651178701616365,0,-0.1897026445474378,1.301559628835195
1.471491972993157,-0.39457285186939384,1.202700806536146,-0.8025152549838394,0,1.0846130225144788,0.9583596726782222
-2.5666584409312976,-2.1291978892000176,-0.42660498305909955,-1.10682084758069,0,2.1629769548409676,0.6427675324956147
-0.23685026450968424,0.2576404209211606,1.1649444451881277,-0.3820343553455622,0,0.8246883667355508,-0.5733330970075112
0.17651242137244696,0.8454831084818539,0.9277423995512052,1.279849218547204,1,2.4870411471153466,1.0145285591715518
0.2959939896870995,-1.5756193271706151,2.57251743696973,-0.7867610131564804,0,0.8546314450825208,-0.7563014065939059
-0.37191458132128985,-0.661416892306816,-0.7500017362485115,-0.5768282307072515,0,-0.5070871281104639,-0.6560168224742393
-1.7567217824785826,-1.157464632233422,-0.5074005764004252,-1.344204725508019,0,0.30497684875727893,0.4574803743762692
0.32799548371410964,-0.9653511948087635,-0.3061190484599539,-0.6014331361855695,0,0.20753449821769265,-0.5833212447567075
1.727350214164185,0.05348162682190022,-0.4902221500387753,0.5919694119547814,1,-0.6203264131352015,1.4727424114851773
-1.5338614049161376,-2.0844021549884744,-0.890020749763603,0.4359654718405983,0,-1.3613303219840334,-1.9954744514210185
0.8638280136981883,0.614270438357064,-2.762675505673743,1.4185513637166909,0,-0.7245744104150622,-0.18959119638694558
-0.3285252231228939,0.7538550699336822,-0.4346994737231341,1.5639969043641133,0,0.9220371389418018,0.4077282087492162
-0.0613243458288473,-0.2511025880369125,0.36935805969990443,2.892652176191492,1,2.1911455551358605,4.2643953716487975
-1.052898510703949,-2.4807085099845416,-0.4932218455059107,-1.4189941610200982,0,1.498132939039203,2.743729951720871
-0.33445617235587666,-0.9964186260023896,1.9353811835291097,-0.29256301697016157,1,1.7845557701106445,-0.27146149443673173
1.3000445946989585,1.2329019341026966,0.013375812715862578,1.6656785829217573,1,0.14709375965224142,0.6758827158091065
0.582655241987707,-2.7779942807285725,1.2910290551841355,-3.1758015165565396,0,2.151428952992633,1.9757593026722735
1.732311605409944,-0.34752341219351923,0.26142041272996835,-0.7149698979297012,0,0.875149937744167,-0.7152926267300047
1.1774118889776937,-1.180000778467259,0.826407309893258,-1.426569873896796,1,-0.020082726533771522,0.08764547108615683
0.4390866789295762,0.8045703015848366,0.27924155393356226,1.2751788124557342,1,-0.41050590208010274,1.4451098688898856
1.743934526167792,-0.6751139521434614,1.3687846319035628,-0.7007634448930985,1,1.790576673136518,1.6688483274715797
0.43899315873829875,0.40395402073561154,0.05593935013240072,0.45330756164807984,0,-0.14259226440191117,0.6696436271910085
0.8279881767970589,0.5654604191690931,0.4961207080887857,1.5285137471003571,0,0.2811648842743496,2.787285102739524
-0.29657095353470836,1.83622583973002,0.3663329336500437,2.2954068936935546,1,1.7496597835732217,4.524080893152959
0.06654581585920483,-0.20294194367537022,-0.2882854581273188,-0.32001571910803583,1,1.030300160946098,0.7672561334906294
-0.6974238233002769,0.37604436962261134,0.4049823189246768,-0.37668048857258557,1,2.0309622861517314,1.1037793697066296
0.989583934594853,-1.485055479127436,2.234386246197682,-0.02306854206621156,0,-0.5462166337308036,-1.3092351420344839
-1.1783036231148656,1.190413563293744,-0.270396942095442,1.7024137602789862,1,0.5357518131220267,2.0540717825472288
0.7823503424176613,-0.7605088480713647,0.4194648928532483,-2.1994537197910464,0,0.9547567559662207,-1.327911329738237
-0.19065105750515945,-0.5607541640877456,1.2577789508694428,-0.7505421868967224,1,-0.2967629071486295,-0.8760813194806891
1.1712470934673194,-0.022247794849210738,1.1402532809442802,0.14816218203437803,0,0.052061392875481616,0.36707872675419795
0.7508689887312598,-1.5628843453398495,0.011716417719365251,-0.44022007224405135,0,-0.8332209833429125,-1.3695796897575416
1.8206461576468016,0.228770028928938,-2.3833887029573617,1.0885421175043428,1,-1.006002824773648,0.048994749000582705
0.7307746911386448,0.9674662729250108,0.5167028186484662,1.038529694056982,1,2.3982097162561127,5.33641683270347
-1.5720402556532407,0.2929338234972916,-2.2194742586230527,0.8137359136867435,0,0.6465153643186079,0.6252019081201414
-0.06695317289820084,-1.588897564178725,1.469937230941231,-1.1752032976812519,0,0.09707353011028097,-0.8591685749045328
-1.172007192594816,-0.12380929432965958,0.16947387119326057,-0.7704229377576951,1,1.0816310506333957,1.5376059031977758
-0.5182798423662747,0.7420289029794906,0.999674019871989,0.3175181532827487,1,1.6285957444629484,1.8233341129000302
1.5112284332767216,-1.8779887659659078,-0.9021111381810512,-1.4458400508132998,0,-0.1716831341575039,0.8544189309211525
0.637533810897696,-1.074766013817714,-1.5525074733000543,-0.8729967407964068,0,-0.5635749987067996,-0.6519463321033596
-0.6989304285787463,0.87654360408152,0.2607543841411672,-1.2018688932598849,1,0.9154102206188517,-0.0047562826124886715
-1.013717366440399,0.27009543419728654,-0.03360343995614198,-0.1868088962555477,0,1.6667359880336117,-0.4457715022504336
0.03278209287626079,0.41197158212675383,-0.4915408261571657,0.3775434871480199,1,1.247711202150615,-0.29275790426410575
-1.2165601493811278,1.8594948076233115,0.08466128073276377,1.169035958040482,0,-1.0076639035439536,-2.428293478185119
-0.6711402773965811,0.4685527785062026,2.76743589203226,0.11864737172325229,1,2.9615313339405507,3.0973334406283946
0.31200947155124387,0.6578880104331793,0.8345255473690577,1.0011440189424672,0,1.409779213880268,0.41989834848811225
1.1553120361066962,2.710745527218326,1.049498605863319,1.0354243241816605,1,1.4156564227870465,3.1675608632033208
0.6087614722244398,-0.2138045580904907,0.8439368915533556,-1.794809769261794,0,1.6546652432658098,0.8764560316997627
-2.2912895085981,-0.7978827636184951,1.4794621438521929,-0.970518346459101,0,1.1053405634873967,0.06858927984644375
0.3043667290302598,0.4277963982471327,-0.1900716729007449,1.0977955961345531,1,0.5326232838777889,0.16310435991379735
0.07203357323257792,0.4389910293888949,-2.0547613076752937,2.0299660424099764,1,-0.7027114660816389,0.850986847570807
0.41389028537269307,-0.5267153919462082,-0.1885861330060098,0.37129023337669764,0,-2.135167488263395,-2.5767430461769387
1.6162096816512073,-1.0323970195548475,0.8117357099965018,-2.2735334351216285,1,0.8728777462919571,-0.941113818506004
-2.063238276804743,2.309844422090078,-0.9698003951150737,1.5693114098534897,1,-0.8195268194259164,0.8327729087916305
-0.5911034251911056,0.3268434703880229,-0.17636595048933035,0.5115722879841873,0,-1.295794867495942,-0.7073354274378468
0.5909063227933546,-0.7322853814020757,-0.6917697430023131,-0.3935914805700268,0,1.0051210440780887,0.6074066280623749
-1.5815943994539423,0.9159303022795986,1.5020292518431304,1.253730188720961,0,1.4354656546771987,2.309912752804512
1.475949048053509,-0.1091451515613345,0.7494570154065637,-1.0021821646786016,1,0.8848322686075217,0.5927609283508515
0.3683566127006584,-0.25288144631783127,0.651540620643959,-0.13230444057716578,1,0.2891518336968283,0.6429198059926382
0.846583985843404,0.5622728719144933,0.6216013131209713,0.8588956698694338,1,1.1315623987637424,0.7148861846783244
-0.5709436615217945,-1.29188226823169,-0.037249252552126945,-0.18199721591705864,0,0.9683415567351944,2.8184747778321846
0.8137636899662105,0.3526272039171724,0.1975562825275035,-0.5306689475573976,0,-0.7044809483798886,-1.357185617423595
1.0684715559890383,1.9129548077317522,-1.1851845805323176,1.1469478827878687,1,-0.2896428122066469,1.918737403475154
0.23287802013716835,0.46617766219731077,-2.1864419787505676,-2.3401991035594376,0,-0.4875275279741794,-1.6182809222331895
0.23440089269869593,-0.3762121037834645,0.15008113034502407,-0.9149074085288764,1,-1.392950828270215,-0.851285224252924
0.2703432392817259,-0.507105280428242,0.3239902562721444,-0.9199570117050718,0,0.14330419648332549,0.5070595078290725
-0.8633452647393817,-0.41033997334510935,1.2092645684253776,-1.3396496873766284,1,0.7704526618761955,1.1750884807068378
-0.14752868024035293,-0.25396267804778105,1.5713358160823676,-0.03247873864461753,1,1.290398348216034,0.32630217062833544
-0.1525225324523588,-0.377806532758272,1.5699984849989468,-0.3506345275967204,1,0.921770504327444,1.7622811942179886
0.3833938643534951,0.9163114410745667,-0.9980235932938778,-1.5444909535394493,1,-0.031150022634908653,1.2031804222049665
0.9998242469102946,-1.7332091032089831,-0.3522650349497693,-1.1363951312012504,0,1.7052228987538611,0.9684915622810346
-1.0585360819784093,0.862000050412134,0.48033429588137955,-0.2559640914675628,1,0.4238847895179043,0.18124467140552822
-0.12500903031957764,-0.3796865251425611,2.5319046777421774,0.18953346957931744,0,1.8614919092942566,1.272989051141066
1.4814555476589732,0.37694778569537224,1.480099203713916,-0.987831974886275,1,3.3624079247117407,2.548424589791387
-0.7435882288125641,-1.1269879102008638,1.1193971619983802,-0.8490440314257336,1,0.5940106620664405,1.8020973113955812
-0.8222500172903203,1.328631066849436,-0.3877879555492906,0.7531689032560542,1,2.024246816488409,1.095285139356378
0.20230619183119358,1.245634960171873,-0.8831996311551246,1.2746971538843914,1,-0.09226076468906995,-0.4535017519032636
0.8443851904853201,0.9595905257500736,0.7889078833832395,0.8731778877364044,1,2.7210191135625346,4.62668527851728
0.01142605556065933,-1.5147547757935393,-1.10066126423436,-1.436672900140415,0,0.06779114112101581,0.0713102272934143
1.3289605904369892,0.8291210710660528,-0.23843635098030264,-0.8895578786127235,1,0.609277824974634,2.4772536152222715
0.8567939825665268,0.4048550876357089,-0.11477794900192263,-1.1614209951051786,1,0.31320698973222144,-0.5471839475364656
0.8418200668900618,-1.6052712471325676,1.592912089122808,-1.835998511855622,0,0.3635640553769304,-0.21564704266409476
0.5541165013240933,-0.02429738377081549,-0.35469730295967755,-0.02723184327082305,1,0.3058792221293527,-0.31588381462582815
2.327653100346085,0.3645344890332625,-2.4392496385726155,-0.32391104575317226,1,-0.1649733168949975,0.15318913730647526
-0.2051616888660442,0.5560752738231508,0.5044446476624683,1.058950644161523,0,0.2996442505540598,-1.066749786832159
-2.003522292066514,0.17726136694885572,-0.6990218531039264,-0.1409570529915762,0,-0.7500163539862921,-0.33363008330726807
1.604254361517141,0.2912314168473797,0.042631024437746814,-0.7378522196385541,0,-0.22435129902636988,0.006103987950464185
-0.45769943095682564,1.4736113922530956,-0.08670470084212364,0.8713205929695051,0,0.9387196990609367,1.130621586613252
0.10788044434303304,1.2260339099106798,-0.2737039958177683,1.1821662860468827,1,1.5054649776928395,1.5320740654194296
1.309550684860527,-2.8670549537827434,0.7903405817847039,-1.9114181451259553,1,0.27286064693814605,-1.2926617990879161
-1.6022595410589253,-0.317438554837682,-1.5328648783527072,1.6307770592197373,1,-1.1689640820261682,0.1335167108752514
-1.2516472141061394,-0.16465102754395128,-0.5170142249543602,-0.7973371414877014,1,0.5088101001954091,-1.2034657011951857
-1.6012779371188537,-1.7520985727269711,0.6840379131173813,-1.440115548317438,0,1.9516355708900313,1.499501175375023
-0.7941362900254239,0.09418305823231217,-0.6140847753443682,0.4995867322406299,0,0.7652577475990516,2.8977256772367412
0.43963660601699356,1.2487577724105066,-1.6088067092699718,0.9506081032793798,1,-1.799312371927294,0.27807522594425715
0.524187842812771,-1.0865678595905903,0.6685553432567358,-1.3481410764693136,1,0.6004283428273142,-1.4582858271573955
0.27627417932855375,0.3364009386898723,1.123094630441539,-1.2868644441661432,1,0.215715116184242,-0.8535590699706873
-1.4127658838923665,-0.9158234772964378,-0.04499520764300634,-1.225176871344237,0,-0.2954095506539222,-0.5637657611368395
-2.310103436632644,-0.6719120236796768,-1.9608455984695325,-1.597793791187949,0,0.38868572498424414,-0.696168974752065
0.054353585390382264,1.477393634170035,0.7059697466988162,-0.574239646471151,1,-0.5348994058297512,-2.136719247585935
-0.47177603363833576,-0.542557820111825,-1.659887881419688,-1.2188739413578098,1,-2.197995779760397,-2.24426680286052
0.45938577171661177,0.46221248901062467,0.3087992768481657,-0.6865659793381673,1,-0.18709860178773963,-0.41952181557114965
0.7019536262212701,-1.871218116060987,-0.8874638247421598,-0.8757635852346218,1,0.18708303123585368,1.8029882574110034
0.13824143205868192,1.8623175613948801,-1.1598392857669653,2.0536995353023,1,0.3516544634652384,0.9748721347528428
0.7601330853758538,0.602652446306499,-0.4419100170796902,-0.4338103814618056,1,0.6134642242721253,1.6508039509699521
0.22921137411506842,-0.18249984265026167,-0.18329755642725984,-0.4025785078303252,0,1.0620409182461152,-0.4227016288931693
0.5300647056014667,0.5755465099998948,-0.6442082503864482,-1.4093163843126175,0,-2.162494709473527,-3.5762270112331236
-0.7046732628698824,-1.4098194289478103,0.5887032782151507,-1.5939991047619861,0,1.5533325708523305,1.3892341114814188
-0.17961141383145854,1.1825307417526572,-0.44606937845883377,1.3213558792694182,1,-0.13865833469076838,1.4996120736327203
0.19677609665695725,-0.3239847754964302,0.980190871671822,0.5722297647268872,0,1.3392126502413972,0.5597147300480733
0.8205284754174188,-0.2040695150484347,0.28117316564347944,-0.8722213034290929,0,-1.1490980640642472,-1.3129702517660837
-0.3937411722245721,-0.49165561496548443,-0.697557206596308,0.6683634808544419,1,0.02247122891935919,-1.1244709862558582
0.5211672557321126,-0.5806514027455847,-0.8659398838322859,-1.9686000156550278,1,0.14938804261299626,-0.8210352101618802
-0.265838791915379,0.6946706116284086,-1.6474962990474387,-0.7057847220736337,1,0.5843033320890061,1.0422784110262397
-0.11754216732813036,0.25590685010422287,0.2907331778668224,0.90926920871917,1,-0.9550000523303354,-0.9474032698067706
0.829519042024073,0.6517481414030399,-0.3545875472513581,2.1794847788576184,1,0.26090826923906213,1.0386259148204307
-1.993060371054156,-0.008794689485571452,-2.3721955280635143,0.4865721303849496,0,-2.555996518541522,-3.5567439927111795
-1.296472328074761,0.513199811077181,-0.5357148727694001,0.35995346610618884,0,0.17335282309124705,-0.5009017003741236
-1.4821853974428207,-0.41884874392503835,-0.901034029254952,-2.5218857667837384,1,0.668575438318056,1.1027910924655564
-2.3336161198483047,2.2297318414095484,1.5756775921706603,-0.2832562197440316,1,2.714090349653897,2.171858646825044
-0.6782644401551767,-1.5679304164304986,-1.7027786118933097,-1.09357618791992,0,-1.5907521936822264,-3.0401194448008075
0.7494338997277404,1.2609373235629844,-1.4413507997340538,0.6254684428079533,1,0.4835889898536771,0.5013436480179543
-0.28488406638257474,1.3679074507209708,1.1099696431056998,-0.03886737058976064,0,2.049082766202587,0.25447145341851196
0.19779008194185213,-0.8521588059655938,1.3567631574639631,-0.5991512878231124,1,-0.3520538122278096,-1.5734920806235728
1.0892174967107926,2.2292736105559734,-0.7449829387256415,1.853964783741469,1,0.6004554980885528,2.857566483850042
1.3276861322676916,0.9954902829453182,-0.6320858228089109,1.7208982892376208,1,1.0166180436385812,1.7155578177642525
-0.06913793472613955,0.9711390068229115,0.6162353965533128,0.8940907083345717,0,0.12333955947561659,2.380907039482997
1.3535858895693973,0.028022187025876687,-2.32709979694531,1.2502516742145684,1,-2.2035754516312007,-1.431098622956787
0.09212665843410921,-0.21722615821867644,-1.8611936845055561,-0.16144237386175425,1,0.2390156717162183,0.12886212334046696
-0.8373982238274621,-0.20940882703960811,-0.28073340085071186,-0.27867387989823045,0,-1.373563536085198,-0.86521146747092
-0.5944003521987352,0.3905305963195172,1.549890566129126,1.3689260513764057,0,0.7825807164891558,-1.4334213595784673
-1.4805365125650163,1.4011862750338961,-0.4357300881667396,0.11448441448500446,1,0.1397232875332924,0.19164053265463657
-0.8881338537336524,0.1813142178614196,0.10093679173515462,2.9558725431980686,1,1.2281188625797954,2.2487318467280524
-0.35801668807442916,-0.9114436231372903,1.133789272564012,-0.3356685478803506,0,0.07631778947715484,1.3661347926906748
0.8035850193786016,0.8244270623849798,2.106884733278146,1.0238823614979573,1,1.0716848458045956,2.506081768725231
1.7207698311659838,0.9211507463947922,-0.5768484731483126,1.2435935561605356,0,-0.25873057458884285,-0.6158658127138164
-1.38218151537704,0.6546595284477861,-0.016836723733426057,2.3877709075209155,1,1.4459517089050251,3.4339316011442325
0.39282746825991893,0.7454989065249826,1.8220552213428425,1.373996558762093,1,3.8671242378857094,3.9759971067942037
-1.0405439391575344,-0.2709281301578081,-1.5221992751914284,-1.816379920527014,0,-2.45124475039746,-4.100424922082778
0.47469708846320197,-0.9289891671305796,1.0275810705538218,0.6788588344056522,0,0.9524422815299476,1.4364944929887002
-0.1310866506877266,-0.8681934306407798,-1.0183155323612583,-1.0180874553448256,1,-1.267890656298272,-1.8367265364088905
-1.8309058258475304,-1.635463248457858,0.10247236710315673,-1.1685062609578059,0,1.0823441108107,1.8045698875104392
0.9282969915684843,0.23694861154594976,-0.24261904740027426,-1.0944340551694256,1,-0.638968356697403,-0.6035465780563251
-0.605000712808731,-0.08344878322659362,-0.9580116007012293,0.46111196720715264,0,-1.268615410617086,-0.8545253577539436
-0.5339002383735546,-0.43998770452970876,-0.9831019276582751,-0.9945646996007251,0,-1.1987940542121267,-0.7113012393787119
-1.06975241128969,-2.95561882434507,0.2764143642537545,-2.2052130449956806,0,0.0951779671175239,0.09407770469620702
-0.6542832766875555,-1.247317469694169,0.9955393281626821,-1.2570066317222348,0,0.9404319803195704,1.0326371583845564
0.4278904406949172,1.1208406514031668,-0.1297362031885032,2.799268509830322,1,0.8532649476316416,3.4723110906297583
-0.18924434093640552,-0.664626000063131,0.07011315873321637,1.4638520200963474,1,0.48770261223181094,1.6671004466090693
0.32866200228248105,0.3605916776568414,0.5711740662910472,0.3277746787870777,0,-0.9757631013401321,-0.5561390473444552
0.3619218539288437,-1.3906854299752562,-0.9716187730129598,-1.0207569240118453,1,0.5753825110421542,1.382402161042889
1.320661655528167,1.4387054823592311,0.739692508412923,0.7487473098906852,1,0.8556506915529843,1.1985063615337932
-0.3427861508643793,-0.1440276600546764,0.819343097059747,0.9936647166601386,1,2.119727510191742,2.3873067293744716
-1.4768578168457318,0.2900403964835352,2.60362629875041,-0.1026883610762197,0,0.9065095257453174,2.3284832647873404
1.067222416571983,2.325779791881685,-0.3761041905595823,1.3927709630220149,1,-1.3854593254979355,1.0710773834959753
-0.3314881720972547,1.5164401005894037,-0.4580818016681276,2.1614161421246996,1,0.1319632802826856,1.0008655224805525
1.114592444577377,-0.3065656212870578,0.7689658715737455,-0.7774202799205545,1,2.2227115286599872,1.4241764417773919
0.3833771131824704,-0.5932201848703592,0.8191041689121383,-0.5004667786474108,1,1.1187867213415765,2.338283460951499
-0.13113753020334493,-0.3255450115195318,-0.535087153376712,-1.8352358904962276,1,-0.08142383426641797,-0.08150511979236741
0.3487758940462951,0.5098982484765356,-0.40316267693004887,1.1019109789348647,1,-0.6703078773540634,0.2113575154260942
1.9510125601262995,-0.10522413425087113,0.5411308382180404,1.8587921144661892,0,2.0932675863760073,2.6777783871766228
2.076980529053753,-0.39524414500347166,-0.8275842407346614,0.412934939697084,1,-1.0927048241402695,-0.2369494148891228
0.0693811351327787,1.4671812507090423,-0.4105339880150149,2.606200543100358,1,-0.5299253301975492,0.6151467641289916
0.1601905933170753,-0.11420989177783689,0.08959276736843465,-0.9351858517640437,1,1.0755817118524522,-0.04535232667753408
1.0762401574663856,2.2995890930373193,0.9959386848222581,2.0300037745973096,1,-0.7885387052969897,0.40851417620850805
-0.8456610327673472,0.09074256375217302,-0.6045986161795408,-0.8723807246426946,0,0.8997395233500244,0.6171221564990165
0.3330703726182551,1.7853183942247275,-1.842384462030672,1.1647828019139448,1,-0.06808525224166107,0.10544140175839362
-0.0258628479538564,0.3573194227106268,-1.916597467518211,1.0509206270667937,1,0.16094064194981883,1.502034185027569
0.3139082114575536,0.9629605732494478,-1.2594130667061334,0.852929860237868,0,-0.22271908940814855,1.489271546553176
-0.8333688059494058,-0.7246110515177244,-1.3131677181999373,-1.9778376427850466,0,-0.9752875027403312,-0.8959278150640881
-1.589567493308969,-0.8537592225874118,-0.15461075861990903,-1.9809612991559347,0,-1.1590073804997665,-2.4125823818459953
-2.0729834359912918,0.4597059550149875,-1.188880153597605,-1.0225932865790834,0,-0.8771811364554757,-0.7691599126230942
-1.1173841129896078,0.9885532424653152,-0.7027549598212041,1.2625241190625363,0,-1.4109443868417813,-0.836591445794575
-0.458675284939333,0.040256502000462865,-0.7740858849820498,2.095294607217029,1,0.45622206138751265,0.02988943258564425
-0.2931915866487618,-1.2863933350836971,-0.4405078608479934,0.35907144263492907,0,0.5336649568223457,1.2853236024112076
1.9372311624295169,-1.360258366289327,1.3225043315231224,-2.956986724851739,0,2.2967613167425434,1.262455424957103
1.1059933699072981,-1.4271364021862412,0.6619475894305167,0.3079095443645159,1,1.2321751459997836,4.015651130013797
-0.9620911163416273,-1.767622112939381,0.016129415276003874,-0.44234483107807,0,0.9345755940663086,2.0111460432722454
0.34770845245095694,0.10948535944708751,-0.4610262805808381,-1.4599013651600294,1,-0.13298103119026178,0.004922309727392382
-0.4070782363503251,1.1250439217080253,-0.4332326566230212,0.5743326422217623,0,-0.7468813851144679,-0.25138632143845996
-0.28436383804009513,-0.013415786924808768,0.3277464699519495,1.0850580976944586,1,1.12687470218701,1.6413234111553423
0.18532564941538202,-2.2604147573378524,0.5841690733522902,-1.2126899997887395,1,0.4257119527615111,-1.1051416530500606
0.6191711169753933,-0.19076046033454871,-0.9076175061006004,-1.4578882114489335,0,-0.2935370649547146,-2.5583763833240356
-0.33925848388401536,-0.1627989966326071,0.03648075561423148,0.48375893842276063,0,-1.0385741208545975,-1.6745203008594758
1.0638515327343585,2.0959987502254394,-2.031619568663027,-0.502621570904745,1,-1.6912318150473777,-1.6983891823980655
-1.141938226142404,-1.4571379129195563,0.21171378417059702,-1.3593897478344652,0,0.7666718472040603,-2.1255240212765405
0.006339062362268442,-0.3906776025991957,0.762149241958686,0.8332282393726761,0,1.3592226054204815,1.0788674518056443
2.5976737265958323,1.7058526805445642,-0.2800686268808754,1.34895930639608,1,-0.7092987176328233,0.010489245684821014
0.2230797426252751,0.44997834134654807,1.8165269961401054,-0.1479544437116384,0,1.796861048113286,1.4210341770051795
1.4332145066061728,0.5633130735164247,-0.8812384474360504,1.3287304511151605,1,-0.629103510445626,-0.4891178830642554
0.09152017817320818,0.11458443702387822,0.21744041530326128,1.0641276759652065,1,0.6013182336883319,0.6871846667763043
0.5807770953297967,0.32994353865726456,-0.035824746665955476,1.5673956530196165,1,1.8447330728577547,4.188976739072882
-0.056783194392691534,0.777609530278536,-0.10029766744340833,1.4808778620636454,0,0.7453026802080354,1.9846724395003936
-0.17040758116420443,-0.8094863188927663,-0.11432216800474763,0.4499754652007888,0,0.7249922438592493,0.2852784743759448
-0.7794823967254196,0.8780585789081998,0.10710503000947168,1.4177942489859303,0,1.975195477062839,2.2769028207961224
0.4303013589575532,-1.3730030168855392,0.8479587434636998,-0.8054137040542486,0,-0.17814492010230387,-0.4843768274262545
-0.8515371891857679,0.3283679728315381,1.3777362362747443,0.34563601857241383,0,-0.1316785085022043,-0.852492793255213
0.6655852363134291,0.17874096328632716,-0.0022502445041573905,-0.09784176773406683,0,-0.7235174218211683,-1.397547299442444
1.08528700444591,-0.6162930881921079,0.8153160721716332,-1.69307690184957,1,0.7009949113397975,1.0755135306553778
0.36653140723722993,-0.022685275325646737,-0.7017669462667825,-0.9730060235738132,0,-2.7896461209772987,-3.3848987772216033
-0.28624873355569186,-0.6225401526655531,0.765955452726233,-0.7675958010143411,0,0.2674641439934541,-1.2132332629153657
0.4539655793086961,-1.0717013268617444,-0.7619915238269903,-0.5944748753497313,1,-0.5670054766676459,-0.7670641084606074
-0.3086730555464126,-0.35361474161364437,1.0906599360881322,1.1649930995456206,0,1.459968927772441,1.936600391541077
0.9355471254651493,-1.1039886353716615,2.2106408773932396,-0.9029083634654085,1,2.1730167229938484,-0.21842814178921244
-1.8314060842151236,0.3227974640932481,-0.12208388797139179,1.2552583128703976,0,-0.6763886383115999,-0.3681095078606761
-0.3356073681186462,-1.1500854941523635,-2.1925434908074086,0.18224897099327708,0,-0.7694161189376894,0.1871610434078944
-1.9908119951239978,0.7119770229910514,-0.548072933244823,0.32389528024422903,0,0.38345784121197934,0.6883145889878726
-1.495060830227205,-1.18147906792882,1.2318751342893033,-0.3268634616142958,0,-0.004783206532042672,1.8904375366964876
1.3638622298139094,-0.5662949155810063,0.5530767870252449,-0.6852380758780464,1,0.2998833525732334,1.4126507174535345
0.895184981971686,-0.624603408215179,0.24891359867502955,0.8349452356706373,0,-2.0710367559194642,-0.0017296592595550386
-0.7194802332847904,1.3251467288748389,1.008668355954839,1.6694577867883065,1,-0.015285593677284659,3.410204751786401
-1.502503456040897,0.33028994561659186,0.484453439248422,-0.9328575971074137,1,0.007891571910443207,0.16904120760980546
-2.964528837841651,-0.21173380254439425,1.2177251874511363,-0.003627713830780782,0,0.8291557928257263,0.5472364293939761
-0.5434955079326346,0.4987194410697233,0.9194236766469855,2.0371133258582637,1,0.0746600001613158,1.8484784076691665
2.4204150122474024,-2.107192347329688,1.5217004527369589,-1.824841065463858,0,0.4300022936478055,-0.6293620068598311
0.4348842714636474,-0.043133589640907445,0.35879608390625434,0.41407083017516033,0,-1.0028771095607214,-0.5904039801309084
-0.5595722860494895,1.9975141778047627,0.9052594014939547,2.1039398964268603,0,0.7323747274575225,0.8653306117342987
0.46508020950030626,0.13234650640267256,-0.3071270730857854,-0.9333926241705159,1,0.6852958092717207,0.6944112590272999
-1.5609583529944429,0.0679131691693355,-0.6014608115590059,0.5636802211655956,0,0.029459645253238687,-0.5850537087223797
-0.29732336269763543,0.5481283796421961,1.7067676404189733,-0.9662950159137127,1,1.5205570689650227,0.2730306802821646
0.09947747301573849,0.8956052433143455,0.21620467632268803,0.07294798338379349,1,-0.9570260971813277,-0.4322612729260532
-0.08610065182104851,-1.9974666928898597,0.804880565862379,-0.48230105295989856,0,-0.1209277130581759,-0.46875675143416345
0.7908061216900806,-1.6823264817910268,0.12374001441139017,-0.9554583654886429,0,-0.3305878633834226,-2.5430101500037363
0.34464522623605237,0.21029129108614655,-0.5865156509199643,-0.14045060069933268,1,-0.31693501649100314,-1.7658963655387487
0.668326018107997,-0.7148765618975097,0.010982892582401323,-0.11114269703487017,1,0.5317906113909252,-0.6136102002388575
-0.6883722822307594,1.3120252622199142,1.4359940177677142,0.9632874567764017,1,2.765857663387002,2.0140009305597912
0.8978154084105481,-0.3151743898852239,0.555240074279424,-0.2332575217586414,0,1.1563450587378425,1.5062395028419873
1.6289369476239914,-1.9345307357131178,-1.711473159730459,-0.8521154471360943,0,-2.0486311388815794,-1.840935951165635
-0.9701495196514126,-1.268013916843997,-0.2152444565761547,-1.7164185957974496,0,0.5449513122194176,0.7079046583156705
-0.8876956557145598,-2.7496760196305754,1.782293792704712,-2.1044108897571583,0,1.7453245191426576,1.3556565079059721
1.3357843363202329,-0.23412553728291255,-0.21379686184995605,-0.4948861136873247,1,-0.48862152729853764,0.5783358706310985
-0.19134398669506028,-0.18838412726438336,-1.8004786917341806,-1.7325429938664747,0,-0.267430866239753,-0.41018271977678933
1.403821392066557,-0.42446270978189776,1.8930488854225436,-1.25153666987918,1,1.4633136730167136,1.2148970379176385
-0.4425357118921839,1.0788790390297387,0.6823925098127926,2.409732097507028,0,-0.9868701339305134,1.1602176771143164
1.4550455762707113,1.1985198365166936,-0.0700128588128004,1.319568787068255,1,0.8617947521732057,2.477452414615723
0.13148581680545218,-0.1703884233561112,-0.37141773608206863,-1.4564912716191558,1,0.4366828272436417,0.17301230627904973
0.2582288233226952,-2.134693667476856,1.0823519297917354,-3.2054154364803584,0,0.4433805672850482,0.3386569077806336
1.5647180216699044,0.6172815804922585,-0.5419834002261925,0.3693157326733777,1,0.07651720687646114,-1.912408132241648
-0.36177047744417123,0.5553602285085755,1.1482564245159883,1.9943675114131711,1,0.44283350431145085,0.9319198527091209
-0.9411220959249583,0.309391570156945,0.542195285724256,0.05456728991806448,0,0.9462915809461481,0.4753787668227099
-0.44856420802835434,0.9814797493081158,0.24468192548734993,2.0725537578643465,1,0.558252159293231,2.5047421544622583
0.4523339506431387,-1.16482809646104,0.14551480533559535,-0.5566351444209539,0,0.25666802325629706,1.6295465600617236
-1.5657590721805144,2.008755386185139,-0.17496803671417813,2.038079659070302,0,0.24866174166608207,-0.5460983764440432
0.6374709026511215,-0.959427753141868,1.0456401202092658,-2.0840741567552263,1,-0.05628873989658012,0.5455379759853549
-0.5387713176177432,0.7492229272008546,-0.8653428321018342,1.5219168049664242,0,-1.4307955777851893,-1.9177011185212391
1.1478126607335635,-1.6873476944133516,-1.6219251268302093,-1.6510632389160214,0,-3.215538038250939,-4.692407167972721
-2.3942603049004716,-0.9302646872700508,0.6144401228924746,0.13748599754026858,0,0.9456951346837413,0.3930759122337689
-0.7865657751041687,1.5163686467253361,0.6312383280671477,0.36859756245964914,1,-0.3708422603451347,-0.6068463731594527
-1.686468151234102,-0.2608998230008499,0.4802411525117667,-0.026452514430750446,1,0.8803192244529477,-0.9703358418412911
-0.8262294663639526,0.8399226051327979,0.4077283696180388,1.0071425859412138,0,0.6237798141027369,1.5556546819355201
0.24766590110894313,0.2369553887192461,-0.32054037833754784,0.030791886625145426,0,0.40361780432324057,1.1002040611401909
-0.1792266254497549,-0.10495815600017268,0.7874827043855253,0.322677831406022,0,-0.7157776371170336,0.5038203998409507
-0.25337756894801494,1.3638503249326897,-0.04555812675454088,0.7974061782549892,0,-0.0934076567285064,-0.21037887784897275
-0.1591848713800608,-0.23665882465190033,-0.4871135608151781,-0.8336536362697616,0,1.3682700130823386,0.8537433003187208
0.20338824061994343,-1.7807381075634705,-0.3118913122553999,0.21650765889445744,0,1.5209420663859683,1.5035877214415172
-1.0085360419431078,-0.8032400919517051,2.020639698775832,0.4224255946391122,1,2.6901197072679666,4.240340089469887
0.7068496408990508,0.5511917287016942,-1.7349760820454327,-0.3309351966608553,1,-0.2881920320493288,-3.152675053686385
0.6626659703854839,0.39550910636250813,0.49978810429579884,0.8769414085573692,1,-0.2452377641819823,-0.7217840878485653
0.385037937656101,-1.5670582502354382,-1.6791104276237172,-1.9649842898847947,0,-0.32242683973565167,-1.089204430917527
0.5565334427512632,-0.724342519408201,-0.10823333832297323,-1.749671808800721,0,-0.22512589850708428,-1.974946850753737
0.2964180008086595,-0.5817213492022466,-0.4336274851541877,0.5800667890212239,0,0.2916792344772481,0.3009043901769753
2.0350733027310675,-0.365469594114225,-2.085028296679878,-1.9891659090565013,1,-1.475560998793641,-2.0891290767872523
-0.0870941710525099,-1.3759135886015514,0.389037590433763,-0.1463566855326689,1,0.5182701932290043,-0.24995044610536876
-0.30708321833457675,-0.6283711081194786,-0.3800380621921959,-0.7428517769062518,1,0.3785237615172633,0.0571489418605441
-0.7535275803573779,-0.7286104852595274,-2.099206342561244,-0.7798627815829601,0,-1.0552298408941128,-0.7865140558008435
-1.0322626705778368,0.7715332597619193,0.8395680907742521,1.011547162237587,0,1.0142549307402844,1.007761773144506
-1.2444717876010754,0.8091213109902438,1.435006177988935,1.2123134345666426,1,0.7605088458282403,0.6135919371270444
-0.8887973132309185,-0.145810458088816,1.490124342296572,-0.9400753341381847,0,-0.41940735988632816,-1.075589805747596
-0.07068038165207131,-0.3920397958707315,0.35895644065147114,0.41193456797089284,1,2.2973380331037068,2.2970314387535726
0.3342951284977145,0.1399243120391134,0.04605813857711549,0.22251150141573184,0,2.5178102149411696,0.7403822468743333
0.051142058552161786,-0.8165751074555749,1.328156620895797,-1.8929833766833866,0,1.2708778161577727,0.8361359026259322
-0.765535277429713,-1.146832082167441,1.6823835853400984,-1.064403507670343,0,-0.28091427181924944,-1.2694645966028066
0.9001845640199633,-0.9402212089257169,1.133568702875625,0.6479064725968666,1,0.37961747894001063,2.010203106764509
0.7394126723009475,-0.6348131639714567,-0.9415376022298011,1.1814405303479603,0,-0.07463574433150766,1.1257853088629186
-0.159648307422017,-1.163473799792271,0.2013448532149219,-0.19016110622929416,0,1.4659494206745376,2.430875809803516
-0.652916144664712,0.16205955906287475,0.4395161442914286,-1.0639370320993278,1,-0.4903906250811705,-2.0094390976495204
0.5484279208297995,0.7297156737837084,-1.8096169689172292,1.0597851280071808,1,-0.7962953415775833,-0.5849380741036174
0.18797358748610446,-1.5870983007982418,0.4693606596207741,-0.3870757707634358,0,0.48693567340884897,-0.9316143262422634
-1.4481272594150476,0.02512871121603335,2.272991825979389,0.7453083780672282,0,2.2738333833930957,1.5416998964712048
-0.0679802559844049,-0.21993579526633558,0.6399361658007914,0.6134043683801764,1,0.5031593283961113,1.9749700450424785
0.26203581207438104,0.3415086855368029,1.4734130814417563,0.6296398539662371,0,-0.6502985808280357,1.1875226905275733
-0.8996947864877538,-0.012938768103588062,0.18291473012870507,-0.08250457795134239,1,1.1846046921326994,-0.1988882218835345
0.189843392837443,-1.4535992799316308,-0.07321832398382148,-1.7421749342506905,0,1.0794006043012687,-0.17889068697603305
-1.4548224852577891,-1.2623892988571654,0.3812713900809755,-2.882599171610085,0,0.15379680010504412,-1.3618092148021073
1.3361861000121709,0.029423575584972723,-0.8158266479844326,0.36259215566962955,0,-0.10057243044391695,0.8216921014364613
1.2479499850594318,1.0287809197455093,-0.9637751872343886,0.9885019610536858,0,-1.0720318455123916,-2.1695105385522058
-0.25251733430296475,-2.214187371043003,1.2663045571693656,-1.169490306588726,0,-0.060663969280887575,-2.1951256582522016
0.36345433783907316,0.34572657980157995,1.3723423428665182,-1.0678769610476617,1,2.32727793312446,2.2420565923467355
-2.409921965799875,1.1896220052876432,-0.9911063155873504,1.572921853439422,0,-0.22699006784969628,-1.7970727905931743
-1.1563476602653329,-0.1530258762062131,0.9679988045538644,1.9351849111799309,0,1.0905278582252784,1.249197817983516
-0.2937789201521298,0.5502024960264408,-0.08695997560602091,0.5076080776785351,1,1.8981999631188802,2.1074979880413927
-1.0721330214268592,-0.7030690808978022,0.33980857449043056,-0.6100592023068265,0,-0.8441610181345062,-0.7711065267094004
0.7143964826306588,-0.11936619927687682,0.4602186394350634,0.21589672064973706,0,-0.26669071170968284,-0.2040333248124645
1.997296530747994,-1.6209135183081516,0.9943504681243184,0.7680244804299796,1,1.224430639071773,1.3628628508713487
-1.176614719429302,-2.344343308418874,0.08271820186318887,-2.8522355422666124,0,-0.5130279526060648,-1.0119663329076136
-0.8374634040851927,0.9427658012252752,1.410161995301936,0.9385642583496197,1,2.1074369723596504,2.539834699219494
0.23544836830993032,-0.9849949277244419,0.30941283975992473,-1.5679534659227088,0,0.004436739747169266,-1.2865021564530663
1.6111161484996208,-0.4555278450034305,0.6241842724695326,-0.9023164399476709,0,-0.6055385585660795,-0.7039789326567633
-1.2223743125399031,-1.3864422532701932,-0.8332625915372465,-1.1310152654326902,0,-0.4508511315654312,-0.6813677544659023
0.24903612230694197,-1.4099697030838758,2.158659010704834,0.24754687320813562,0,1.508707357443785,3.260154935253502
1.8212988508131087,-0.17383770009461635,0.4698249232049664,1.6653971946149362,1,1.6759735152834097,3.297868681795277
-1.6517591481792673,-0.7295771941356465,0.7129974253450992,-0.12092806679909796,0,0.8351993068613859,1.7245644533481157
-1.281069206845832,0.37797099799469847,-1.6081858112115415,-0.08177734458762048,0,-0.5359288115913201,-1.3107244461421927
-0.42360660646083825,0.4525384189795919,-0.822702023079101,2.8457188334426,1,0.26021642969818215,0.8864086129047156
-0.520588412855411,0.32084964632460716,1.2378836879187305,-0.17729175719632656,1,1.0292653652176824,0.5779248475738308
0.8126012877536446,0.2386007909284437,0.2868911182926047,-0.3850272974355512,1,-0.08834662176984975,-0.2856585753734375
0.24165971982083806,1.5777682049318862,-1.913779734828926,-0.5442838447318556,1,-0.4477050839345582,-1.6270169755200186
-1.7749620596421283,-1.067593769044886,1.038289928983819,0.5633684293897324,0,0.31061499008632715,1.5663089242212107
0.5154104029008109,-0.05493486620291775,-0.5437828043527234,0.9253963967330182,0,1.352677281742327,2.6062653127514595
-0.5775388873556505,1.1326898205195888,1.411316985876712,3.301303596121725,1,2.6671988260167803,3.5192975378702056
1.274447216941239,1.2645398093380364,-0.08783567860369966,-0.4031823009344574,1,1.0283810116173144,1.5904147386185004
-0.6275875364369197,-1.4217636493445729,0.20470668602052994,0.34919516099034276,0,0.5053850846257142,0.7614748311948
-0.6366152831022357,-0.3123554416558699,1.1789545785916484,-0.17350172612545117,0,0.642992787745645,1.1604455444975899
0.5411316108045314,1.3581210958672605,-0.8974929708546623,1.8654346715765995,1,-1.3675693732770258,-1.7436626224907372
0.7629264823369366,0.5080791051990653,-0.9928468078339396,-1.2514754390492002,1,-0.3817372441790081,-0.9396307063712667
0.4480993639362036,0.19526303147977275,-0.19649842039810733,1.62038698721952,1,0.4295710127584301,1.0964818357756447
-1.6855973173848082,-0.21768469343465674,0.8271727996212221,0.6167226904527982,1,1.1923036102098201,1.778547562741462
0.5380344399282511,-0.38380092570774543,-1.3308772526134907,-0.33827475683825897,1,0.09439247039546184,-0.6161662719641325
-1.034308051674399,0.2882190630903242,-1.6680345998890966,0.8699235568715743,1,0.33714874594644506,-1.9467753076150973
0.2352761115882635,-0.25237412498448336,0.8237209270437923,-0.9623471185301462,1,0.26855290307428414,-1.215168884285325
-1.4237344353990602,-0.04257862104444418,-0.6029783125670037,-0.6126514099963658,0,-1.0569221610005535,-1.4925111783417373
0.44632214754306365,0.07859870611503737,-0.3922260129202831,-0.40213762285566707,1,1.6576765517325833,1.4906261199672957
-0.8065989043073726,-0.6780715284934992,-1.8568104019401659,-2.3816236539152076,0,-0.3802408600097542,0.2011680940724152
-1.2826346502605217,0.5321293738814383,-0.6789793143519821,1.276819405830889,1,-0.36173811703155007,0.6286198317921718
0.7138201364823995,2.9142446484154196,-0.007567296631150636,3.4647044399465936,1,0.33809710713644986,1.9785801157881349
0.2416445216767513,-1.7769866393260751,0.9303778576228922,-2.0873937284381805,0,0.47412032505129464,-0.4576248898941736
-0.6139768013928971,0.3240125241899799,-0.7712301662346388,0.600932784813003,1,0.003411419215906965,1.285940115329001
1.4511788490210642,-0.7601900886189056,1.6573761202324966,-0.8584887437519826,1,1.950256286782761,1.0431309851099155
-0.44065242156974244,0.57740257751925,-0.6845560241798007,0.7786479725460455,1,2.5605680111083546,2.518578275980904
0.03210767397093466,0.04655747332786092,-0.6830918015851747,-0.5912624120152977,1,0.21623964417984415,-1.138224090601403
0.2689134476786009,0.7618547740424635,1.5373575518978022,-0.28917843233451423,1,2.065759832601888,3.2506747153094366
-0.6196659341286136,1.1755065765087795,0.21146015236391716,1.9689700157005907,1,-1.105371411724514,0.13060405941234982
0.47113629339992935,0.19242111776818133,-0.5520247290115766,0.08621788673468886,1,-0.3771553247660125,-0.9599563385984305
-0.5334523471647244,1.1320522884141782,-0.15513313118059344,2.9051097358165348,1,1.5826324613846372,2.5372415600391007
-0.4116383222162092,-2.3442978937886774,1.3530735775420593,-1.7822423923610284,0,1.2412210094326928,0.8441090913753352
1.362642639803341,1.5904522979160232,1.4662028196256818,0.3144747520240059,1,-3.030068836696914,-2.7563152443056484
-1.040586052512433,0.3750621518923401,-0.816793179270256,1.5194893549119641,0,0.16761143116863808,0.1395122450597609
-2.41278033092949,1.0778433557451819,-0.042433810079108215,1.4715179816272617,0,1.8918554323797219,1.4242431552076988
1.6109369950118944,-1.2198757448415216,0.09015682766757308,-0.22463021727996335,0,-1.9400103529658979,-1.3524169130960084
2.549327952607003,-0.8307698816053357,-0.9862401105165975,0.5426001712157568,0,0.9079188071252218,1.051040918877457
-0.40526926544933184,0.14593829414477413,-0.05568505264999431,-0.5389644244128707,0,-2.8064803632689244,-3.3482241796087933
-1.9368380406201853,-0.017037889337463016,0.005322860451700487,-0.1405428626685087,0,0.9412991185334676,-0.7728759510473637
-0.31048397619594376,0.2830685880099896,1.1402094789367356,0.04934366715999866,0,0.6982812509285359,0.7078969998640348
-0.2862229498406692,1.0845151609299661,1.207425028311201,-0.4448247113902447,1,-1.1513676976916718,-1.4804790070222555
-0.18992384102225704,-1.7652203153028492,-0.32920939835900803,-1.6404619960944657,0,0.24202800025720153,-0.8266510660562809
-1.1133880419218483,0.9738190717173091,-0.21395314386081168,2.0959583338163252,0,1.0181887999583554,1.9022078995411686
0.5795611424764774,0.008281909957927018,0.6642923020556356,0.24379799356103007,1,1.2257482310960672,2.0681242034084257
0.5245073752860862,-0.20378186112454774,-0.5851884489270115,-1.505011179522135,0,0.2220107987248659,0.329066666347267
-1.4944056198193065,-1.4711152343848903,0.5886401517374027,-2.7033092944851496,0,-0.046719218261871975,-0.8474160992889026
0.6991967316948878,0.503048668376865,-0.08790648736921473,2.0571540200822263,0,-1.915891777389935,-1.0469778278526685
2.052684981945891,-2.414107851031037,-0.9693985777386207,-1.973323134059339,1,0.5408369041391194,-0.6456999150844107
0.17196033243705985,0.6483940112387127,-0.9568367128796466,-0.14166287693542146,1,1.6065151574609149,0.41158326125080014
-0.33732516206850605,-1.492105835472992,1.447058696031102,-1.4378343165659369,0,2.0267572457667424,0.62960670403273
-0.1420032144075213,0.053457912617474034,-0.1564214791432986,-1.4356105824757024,0,-2.084857146670191,-2.5550400196042378
0.6152567669685612,-0.11916883732792043,1.640354093898311,1.3301434563958419,1,-0.04787486899398097,-0.17886468386075993
-1.7306716055072182,1.1695381472938837,-0.5136362607149101,0.5191868173031997,1,-0.7144222234405847,-0.5700925059578634
0.16439070297730224,-0.17865516901389017,0.2912052011314934,1.2280504959075875,1,-0.9624282265786174,-1.3110824240026666
-0.3904639494628101,-0.6941385611456656,2.3926767230182415,-0.4897763632463041,1,1.9776494878273487,-0.08314201495366391
1.8478250129560454,-0.506602695971203,-1.0573867446632792,1.0343818717109015,1,0.18783602348928974,1.679095079229808
-0.17417273380495787,1.2728827687546636,-1.8978144998997766,1.249543058671723,1,-2.156898273180229,-1.965668929589261
1.6678876111195198,0.5362969691808936,1.2865901312872332,1.271544298830173,1,2.024814340673613,1.8096331215450812
-1.1037406977820072,-0.3856299815231613,-0.8268091053930736,0.41830166050027096,1,0.5384822986763083,-0.5566751802250162
0.5872591668027922,-0.23644641996451343,-0.020706364106233777,0.43886285867965025,0,-0.560997070589568,0.16636341999871468
0.3194002637912288,-1.567177090585447,-0.5859182104515849,-0.8744636534739381,0,-0.5357912764639667,0.5421244876555447
-0.8690472478647824,0.388474200851541,0.2681627809553161,0.0701591605486171,0,-1.7835402514607357,-2.144573998051145
0.17739611463694044,-1.7598157076954657,-0.9505362071857422,0.542778439570397,0,-0.9215946047422342,-0.8161901331547867
1.2125188368316004,0.7517964658354561,-0.1799400878833061,-0.32053574174424493,1,0.345822119642676,1.4130434909948437
-0.3237917042866007,0.12862159249126584,0.4498153265565342,0.10463248448634706,0,0.4476330976932408,-1.3912478767317271
-1.6919626491697632,2.3869517995739225,-1.008308886274262,1.8767082788752552,1,0.20372540253013155,2.74336268278998
-0.01756282647744591,-1.1001355537243058,-0.7000840296458889,-0.45566497856143706,0,-0.18981035514987887,2.069357563813496
-0.9024230947925126,-0.10266209104063294,-0.3473828335985318,-0.5095490769061948,0,-0.47972105409676025,-3.4888992151227605
-0.3423409386638824,1.7982877009230627,-1.4288154342262782,1.7174107123095768,0,-0.5996706266659757,0.038785372550698916
-0.08158776968512098,1.1913896402914144,-0.4225609827987464,0.7604413342243371,1,1.1900441839750253,0.7041774228846095
-1.7056522160155172,-0.6962120515798997,0.11879653990290184,-2.124997917670221,0,-0.021844218569845225,-1.4205707868549025
-1.615658339320678,0.22396742837344774,-0.39954894158842846,0.1842468803881357,1,0.5198745470468511,-0.0657111664071417
0.48206683552552526,0.001999356415087233,-0.27137649293172456,-1.0990058350263836,1,0.09557551171821232,0.49074050393426916
-0.5227186961696804,0.2819558673941572,-0.019901670906585355,-1.5144601858814584,1,-0.2090979524416542,-1.0262023131698148
-2.564744341820567,-0.6986804359848298,-0.655743462432314,-0.4080974193787823,0,0.11631872020956957,-1.311629459174607
0.7848440366081351,-0.08932040270073452,0.6910625658668772,0.41821342791299354,0,-0.12676715333274136,-0.008217115132928915
0.27236975527423984,-1.5980523752767137,1.4359781248017758,-0.7197828106112605,0,1.2764533383692915,1.4277873012686602
-0.713874824036484,0.13512345186808206,-0.46438039219544847,0.6725669994767982,1,0.1903395283488675,-0.8103054837505548
-1.3168302110582415,0.45002067342183205,0.4851982314777071,-1.5815728956715813,0,-0.003111773003964813,-2.500391910440019
0.8358078963143372,-0.227419412643884,-0.23961715543464693,-1.538404069769699,0,-0.47670546851614176,0.9965479916352014
0.3493506225604296,-1.6150508905847878,0.3654873450385047,0.7137817421575363,0,-0.2815188384918139,-0.5518974694452268
2.3826022826840734,0.9885318628514624,1.5657795312032543,-0.27615390705289544,1,-0.22501786274299618,-0.1556274825543247
0.42018859872493736,0.3645250379928023,0.5086595430180988,0.8951705607710749,1,1.1482640118329133,1.109637984144841
0.3877031412620148,-0.7260150977009768,-1.7734145388096807,-1.253229397872608,1,-0.41797018878368164,-0.32911180420784136
-0.16692793010856513,-0.28060044683806395,0.4539956314469589,-0.13919560926612543,0,1.1311475439456082,2.7432023960619123
0.816775867200791,-1.5006694027818388,1.2328637433090093,-1.8037763364434285,1,0.682918618544791,0.5456051950413685
0.6250852012481537,-1.0254101277779044,-0.2215961699981027,-0.23827874504712065,1,2.2079940000778437,0.5138704883244021
1.251725008565195,-0.5378113463571395,0.9956348061178324,-0.28271873284186977,0,0.237557631943423,-1.1220396333096752
-0.5213229186372847,1.2284208122801512,-0.690115541151946,0.5098784599342844,0,-1.3029812777089025,-1.4592616052473006
-0.4354074729439623,-0.6395033908874757,-1.4855391595222738,-1.5489847645729413,0,-1.9147191987464747,-2.771588474616568
-0.4791031709119801,0.6402136593287587,0.14116901883264016,0.7671408517689429,0,-1.6463976115534253,-2.9855138942491983
0.7908017211789892,-0.5383162028615798,-1.7564767207463141,-1.6326054372746224,0,0.44361232553041297,0.6326842686429057
1.498374440296732,0.24794756085187486,-0.23977101289359176,0.6208801395853009,0,1.222409362774635,0.5122872867591868
-0.45884049314930064,-0.14139550214380217,1.286842262645503,2.516196417364734,0,1.3985873657249699,3.816303007607404
-0.42477372779309125,0.8730566000927434,-1.9097629057462808,2.031154199334352,0,-2.080141809338474,0.7042764356216094
0.3140772238697992,-0.5348113382185579,-1.2794967959138979,0.3011950430836877,1,1.467979668092503,1.2873114663229102
-0.24576150001290142,-1.572528250002441,-1.0320322451615775,-1.3121793327430518,0,-0.991579153521834,-1.0793820804383103
0.95205365313989,-1.3819490313636327,-0.06331985971095996,-3.0166728714671587,1,0.14171585575255247,-2.27355383605702
-2.2517772906190467,-0.5318774939427574,-0.36571678564620924,-1.737150841175535,0,1.2105146733354264,0.709749063195105
-0.8267050469168946,-1.2490599706780527,1.3991363816960873,0.30852607897383233,0,1.5263751411324464,0.9465310156783568
-0.7824163339614458,0.4102120156795513,0.9543483290916974,-0.4697907078947298,0,2.792799102791446,1.2063437161979698
-2.320356012386145,-0.4657681648580778,0.49527294606859795,-1.0625512667533474,0,0.5557914868815503,-0.5309922317672806
-0.9636384443688041,2.3746065500264315,0.14563031434388482,1.6865426333365954,1,0.14325999531448386,0.26742412180389846
-0.9151561158459262,-1.737714595137132,0.3932297769848273,-2.4174636430535177,0,-0.36800242172920283,-1.8258813167848962
-0.20110465451883033,0.20363317870980122,-0.861982355313375,-1.0679348551579912,0,-2.3814252374849194,-1.7504011608500003
1.1129658916602636,-1.127953023505669,0.8572103535566122,-0.9302774311158436,0,0.2528746463988952,-0.8054679009487387
-0.24506065119070236,-0.4934013403826786,-1.112044254359201,-1.2763825001705256,1,0.905125901124676,1.9960877280917073
-1.0308137202711538,0.14141947334054417,0.8353769939022309,-0.6307113905732704,1,1.5667679088754523,-0.2731771591529393
-0.056954541213528984,-2.325371374874287,1.186142502118831,-2.59498069854895,0,0.755716357874081,1.1950006952676837
1.0491736214413494,0.23682611678802748,0.2108646020880872,0.7070845849291301,1,-0.41419839052171514,-0.9612761827849875
-0.9759588161149049,1.9029074622741677,-0.17621305896197587,1.2521421300784936,1,0.5676209214563122,0.9384206942565694
-0.9105748839214486,-0.45343829836859284,0.4003099083096733,-0.5322538406213561,0,1.2610058483473705,0.33529543910806353
0.5585489592742234,0.2598078568055095,-2.861518370100673,0.7995960256171807,1,-0.8934221329924328,-0.7581735994997805
-0.22153611573080054,1.0249216931253993,0.30225821848546125,0.6573993124048713,0,0.3541352650943451,1.3845850421823802
0.6474846907094743,-0.16395350002699655,-0.11335399783980703,-0.4061374984782302,1,-0.4172371319418864,1.021330149969449
-0.013646791795296761,-0.5809601885314832,-0.05062811305699102,0.017301408515613903,0,0.8357923840166782,1.9734771448194781
0.701663648089567,-2.2757364037217522,0.7065325128978275,-1.1068765513453358,0,-2.6938546607475278,-3.2948818096638997
-1.0350781140406409,0.6409907193949733,-0.07476892156472781,0.35289926161947505,1,0.7864889774950138,0.9328764991460072
-0.01208465078826744,-0.11316840972889723,-1.140206856651158,-0.0076635839680182505,0,1.8633937298208807,0.9460119493563345
-0.21069001436315682,-1.0126838513881617,-0.14140267082537805,-1.5716836338160942,1,-1.1460430432435813,-2.7605840071993564
-1.2158909241041307,0.12659671027769356,0.06755548408082447,-0.7619376091479245,1,0.2505149454287452,-1.3990209985470803
-1.5634779478686884,-0.5836803568061814,0.11493391158101274,0.31387682365798625,0,0.06334803505550149,-0.4469447334325083
0.6857490352746618,-0.5284261311155256,0.16191936728506806,0.032769680274511714,0,-0.36219280633983486,0.01600465822264166
-0.3509523822179781,0.6062911561087082,1.0393690449185533,0.9282055401813685,0,1.6807830504084826,0.004817649718035444
-1.0222802816473295,-1.3383824113238445,-1.0860345530341475,-0.7630839321070766,0,-0.20089040852587048,-0.6942043099300211
-0.09617893692333225,1.0473152860737585,0.17570045616484992,0.8631091989524852,0,0.2612346553695262,2.1176070477927196
1.1280188573493026,-1.3976861631184037,1.289929698618241,-0.39378331640958564,1,2.04702897431259,3.002963640584121
-2.280737845371923,-0.6627014083552638,-1.7346114969371953,0.41820166250567803,0,-1.0587084190293188,-1.6864521112448407
-1.4966386899033264,1.9229461940665773,0.17964668078005355,2.411126036562578,1,3.741245430907147,2.924706507495337
-0.9228864418952676,1.1273547616424222,-0.5853785019730434,0.7785587981351025,0,-0.2115877375665458,0.4778587562796483
1.461178866720329,0.09760399249544019,-0.37071038447310495,1.4631238440552814,0,-0.034558339883620726,-1.5304710006818536
0.2825869829192965,-0.9405302155012165,-0.904807503214422,-0.5051528863586278,0,-2.271448701566217,-1.1827726099286062
0.7673172404612268,-0.5292723066998932,-0.16955071570044408,0.21954379333988172,1,-0.19857177103769913,-0.20410413255219206
-1.1401609191262305,0.0732753145856964,1.8412556144269043,0.3392426362117229,0,2.2889561627444905,3.9576829660144077
-1.1195358752705262,0.03752323233959842,-1.2644303611772136,0.2762748287090609,0,-2.119403674289745,-3.724752390106201
0.4478137167227104,-0.09087092962596285,-1.1696100024788274,-0.8066313153585707,0,-2.8827153758388278,-2.0514147567525094
0.05827433093544655,-0.03083251408418433,-1.3019345701635046,0.6773014773591622,0,-0.774883962313798,-0.5223356234799827
0.5487388188641266,-0.2143751097051141,1.727418286628101,2.67808180933765,1,2.8917438451844006,3.5811824690169387
-0.18767099092845213,-1.4419787356400129,-0.46233970552128695,-1.4995384885892933,1,0.20573061127292774,-1.8477127756424165
0.278143726454627,-0.5165107421608328,-0.025639060347674214,-0.3318836634605014,0,-0.3520208200419016,0.16181725322383378
0.15811908490510918,0.9146240539868465,-0.4027829411062397,0.2672014977624779,1,-1.6582133612268486,-0.7305489160885817
0.7777673890849254,-1.3683342975511175,-0.9444228784030915,-1.555320653651806,1,0.31671193809227666,1.5119917839024706
0.8070082819444706,-0.18955551153927852,-0.2351506466144354,1.3965961791180357,0,0.5154817079820949,2.1928956849574774
-1.6198719943917699,-0.819753928770844,2.45824360573656,-1.312379082168723,1,0.1923785364555668,-1.1898896546555389
-2.2472685553408556,0.11135042939811132,1.392070920974255,-0.38722713843583445,0,1.997616419701257,0.3952681049829343
1.0017453976515072,-0.38863318106681816,-0.8529378177922723,-1.8906267049634193,1,0.6868740788609002,-1.4124411216213235
1.1877250932619365,1.477393664974669,0.6475741030616857,0.3947553341379946,0,1.5338118864455907,3.223818455837259
-1.0206230195133374,0.5065831541902538,-0.8315227726663764,-1.3132650326849498,0,0.06798097278018855,-1.4123369361835527
-1.8598354065456286,-1.3118031657772113,-1.7763676388462208,-0.391401770094296,0,-0.44766522727333846,0.6538198436156234
0.09903482100720092,0.6712280116136986,1.0195109176646295,3.3232550708959945,1,1.6028176676538093,3.457566678996323
0.9308382263505294,-0.774651856262063,1.1600928466435507,-0.9709072415349314,0,1.5877298864201972,1.510010531530292
1.7975945224343146,-0.5769963713775336,1.0460522510478993,-2.1168151026647135,1,-0.7202053734742209,-1.6532025161206896
0.516297572101451,0.3138190201071218,-0.46986524921957273,1.1447785001132882,1,-1.3423758881376497,-0.028363223543860894
-0.37171669658569495,-0.49174741973013475,-0.16677573400198623,-1.110487946319662,0,-0.8394088552710032,-1.32195398571243
-0.8931306215848627,0.8928558163229553,0.7497655536581233,1.9957744672854454,0,0.33503447159548316,0.6844448072416982
0.011451291670654416,-0.7745100615133954,0.3914960373481072,-0.8861468957703931,1,1.0808644664640057,1.3216542431956415
-0.2992647038852564,-0.6189465525913632,-0.3936374712970443,-1.1145940001040442,0,0.08062642102468259,-0.587169369217998
-1.0150679057288161,-0.6563708935481088,-1.6190718201181646,-0.6899268527132114,0,0.11328128298276918,-1.1216105599762785
2.0487556508632867,-0.5656387483550389,0.11387519414201226,0.31657853721925683,1,1.6690979189483985,2.55455484569917
1.785168402072131,1.099191555547813,1.0790096392361133,0.6299487825716377,1,0.2466008680325974,0.6683030204169315
1.1360486835554284,0.6287962936103031,-1.1975882890341571,-0.0062635937776689965,1,-0.053928629150706175,0.5837493701854558
-0.9208503978091276,1.709943954012071,0.638759381675977,1.1349246811505438,1,-0.0018007310827324874,-0.0872274770815804
0.8550193242972788,2.2676442038992546,0.33154169513369264,0.49690729454053373,1,0.4673088126293227,-0.44970146012461
0.6396264094979018,-1.0307170319323398,0.7501482632323336,-0.40692768261324486,0,0.7868832922525416,2.375047954020171
0.44254562420405297,0.07041912732728889,0.8719754997190072,-1.731799674529625,0,-2.8680872666459063,-1.8078526761183302
1.2496652670437771,-1.176200316643433,-0.694465241925353,-1.3615577013473932,1,2.4306755896459658,2.7212999327690217
0.6353711428612774,-0.7776059277482671,-1.616959400164946,0.15285258518709488,1,0.013893849295208427,-0.22656454532731252
0.7400142363043355,-0.6300825102556694,-0.5335195256828793,-0.18841607506670538,0,-0.926485381336791,-1.146766439363408
0.6369062833722101,-1.0571548741382744,0.8891273175270074,-0.2342602288414637,1,2.9286286920969724,4.088018047983207
0.3407914080021059,-1.0518872728984137,-0.542003903525971,-0.8855177455795719,1,-0.2334735906722964,-0.907430224451591
-1.7836111297141835,-0.14428437852025486,-0.6940433238576419,1.0572043657397179,0,-0.2977874749636802,-0.6867699576582853
0.08362107741055723,-1.216718418386407,-1.8213503419246384,-0.024341169571605592,0,-1.616353022390903,0.36943040196049526
-0.5561919588491252,0.8421269591376328,1.752647554550939,1.1030000323750282,1,3.1886333212649216,3.319736366433381
-1.2798409576400205,-0.9177535374175142,0.8257136414253099,0.21169801812788192,0,0.4069577513778118,2.0715468605969973
1.681816619300824,2.809568970096392,0.7698959812747644,2.941887351078763,1,1.0768196091298632,1.0866980472737457
1.7289953408857035,-0.45138445096439517,0.9677253867794737,-0.7915433850991185,1,2.25377189282872,2.498598481837732
1.359220600295612,0.07201764191705222,0.5767083615434017,-1.2877251509960328,0,0.9426986416179856,2.570769199031477
0.2552134168558746,-1.2953411844660352,-0.24432885517952907,-0.5900039980408838,1,0.2441680446546201,0.03630305122134232
1.3506251209526567,1.7060917581276394,-0.16376410412220166,1.8768408021709875,1,1.458857227801698,2.075355540245153
0.012053180601825543,1.1195006808029162,-0.4275643645921248,1.9636825221648402,1,2.7233933233808347,2.2109542711548755
0.20279727689777938,0.29691587073611253,2.634740754415,-0.7047268958711257,0,1.9509497165367213,2.6200573715865256
-1.093471370461983,-1.3468025487795656,0.5559120312994426,-1.9569370473252246,0,0.4614255472782208,-1.3246365321818465
0.39699130449884,0.21066687772462028,-0.46380044135143456,0.6242204309329742,1,0.3330708099811921,0.5349709487785482
0.0603859284244171,-1.121431046017255,0.4654967741662798,-0.9458832047465455,0,1.5990375008146112,-0.14627701138086335
-1.3026521168344645,1.4623552634733608,-1.0108689178563175,-0.7451245050619066,1,-0.7759364641038393,0.34552537611576173
-0.051197111816596905,0.8091947318531727,1.504506718589227,1.0062800545996655,1,1.1044766058136597,2.608093353074085
-0.07972956385680847,0.09543903848773612,-0.6610690958071401,-1.7779804649685205,1,-1.4973057885270682,-2.1989755757811533
1.79756116664464,-2.4363756632473224,0.5010854326224657,-2.8456295692062876,1,-0.4231948944140449,-2.5376579504868904
0.8942133285134095,-0.9834159786590306,1.0659776297431345,0.5846169095060633,1,0.593106127742773,2.4551287518377616
0.011445439091466015,0.6877611315998724,0.3847685442049928,2.3613327004550158,1,0.6326195033466728,1.2392653793428061
0.248787309801083,1.2128836917231558,0.09446999181963821,-0.2696070889279001,1,2.2776547206982953,0.9294253514670399
0.044212378104198057,1.1091698114921316,0.010802084856015158,0.5357609155511684,1,0.9926900975359538,-0.6027914189235586
-0.20291398479554773,-1.5920130022414554,-0.056441096887107134,-1.1991476186696293,0,-0.9470719902598003,-2.0687543768867513
-1.0824271973882869,0.30155230681290407,-0.5766984889275022,2.0164377268956333,0,-1.0855335484991666,-1.7378316357295196
-0.15105187760692926,1.0155152164829295,-0.44948342976970423,0.29923292103228355,1,1.5460689567734378,0.9240567052314538
-0.7460982566525134,-1.6583355655822452,1.479590373650935,-1.7703857641874292,0,2.043956380292772,1.787029515404572
-1.2503155389231464,-0.007904515373236347,-0.10853663268515668,1.5425600364717376,0,-0.039142802040594074,0.08895682574985236
0.5112218145475347,0.27384239830845625,-0.7857962693827731,-0.16119208203766214,1,-0.4797201525561516,-0.09330011914852532
0.39126465993323495,-0.3007645848467349,-0.5162975968615086,0.48760533278600426,1,1.2548283256505075,0.7041903822120426
-1.786707511368078,-1.8521618554012016,1.100370680697223,-2.921829212325365,0,-0.31109730469240815,-1.7128099647774653
-0.12268463749512722,-0.3256981100737287,0.6756066331644784,-0.4252772699498346,0,0.8109065106194997,2.4762256480093603
0.9957013858999235,-0.327305430255024,0.5603291782322569,-1.9148950739253232,1,3.0700630813973304,1.8127088860517222
1.0592237388963208,-0.1480724045477542,-0.25752119890979147,-1.1709302565029527,1,0.49569253892738674,0.4796225745823805
1.0258368428852387,-0.5634714254250696,0.5733624701729451,0.39969364332070906,0,-0.42012474775437836,-1.6510161866770243
0.0389132069014598,-0.4430121532414673,-0.643561124950648,-0.39545487061505713,1,0.46136080520213607,1.7841847937875723
-0.8450453279691511,-0.0397062823469779,-0.25961403134577454,-0.3500766407836174,1,-0.1809694184497278,-0.9058970362760572
-1.0836988273580606,0.4424546049697111,0.9698044873917454,-0.40363503210454293,1,-0.3428370615705323,0.41725127128440465
0.3446049047503575,-0.3044267628566672,0.8742776789190644,-0.4581089482694832,1,1.6930881878019266,1.2992035087585554
0.379280034365163,-0.4096489283680019,-0.9819098459508032,-0.018412997026347855,1,0.9590502960602243,1.5448849561029565
1.2873311116050654,0.09235403825445808,-0.8555264529085758,1.0549523563002392,0,-0.8413330728758897,0.5095552271541846
1.0999796503420836,-1.9209159258951816,0.10870215281340967,-4.123461106295044,1,0.14015966064804064,-1.9521827762724369
-0.1322286565311721,0.4770351272264581,1.7261323746695099,-0.4596737750261724,0,0.10863668117326641,0.9780891006426833
-1.2442058788608694,-0.0005630971229588082,-1.9155651644689942,0.15865702643309787,0,-1.3375860024383428,-2.0964640891464392
-0.31910659701089783,0.039693526597561826,0.27833293957050426,-0.06790216521618764,0,-0.3898019603894783,0.34473660821095065
0.21723119481052466,0.960734307594464,-1.3760433315731482,1.152749002450407,0,-1.8641795522786073,-1.5999701514065927
-0.2020832453894041,-1.9528155300482481,-0.6343309935255456,-1.2556558273110796,1,1.9488836144137678,1.5958168823924777
-0.5778941080776558,-1.9738338698589637,-0.3644284180642414,-1.844458281483399,0,0.24054719754967765,-1.1065274037210173
0.2528848149698989,0.27380384532351953,-0.4205083434368909,-0.3132861966348318,0,0.31167993509847997,0.23800027574129112
-0.5039577414106104,-0.007116855128515773,-0.5337959396592085,-0.2510526367357432,0,0.5524460863437178,-0.7343859815718584
-0.628066083725374,0.17017694319193222,0.007207060376370152,1.2814803655124498,1,1.2255045941931548,1.856664223574483
0.31145283430343956,-0.46212707517244556,-0.5352555666305784,-1.092467051540222,0,-0.7449684041076734,-1.0779047445633987
-0.4019925801292048,0.6643536742399312,-1.4624573848541527,0.4553891427631909,1,-0.18417095563810743,-0.567874246844537
0.24410438897835213,0.93263884299112,0.7798696125227764,0.9108005115314945,1,0.6644886755034611,0.9863242923536513
0.2732040228521227,0.48398229395152703,0.7528721671488805,1.9378571191566492,1,1.355244368408966,2.2631768229963836
-1.1394290010915746,-0.26082845840458313,0.843174310022669,-0.503754455791888,0,0.864458958172219,-0.17715040829736517
-0.4812411238654122,-2.107689387614403,-1.5407344962640819,-0.6851910663282734,0,-1.3379156485479327,-1.730213633502908
1.4377769399164624,0.7692362080371281,0.29891815258415083,1.8319836455339822,1,-0.6939694683196257,-0.6762795766634204
-1.1620795127342871,1.2217286662175928,0.6759788558069234,0.8891940946590742,0,0.5653439475658002,3.1027860342451463
-2.116654448970531,0.64455841198398,-1.031202068439585,0.2920365822707419,0,-0.8436147702398417,0.12496757589538221
-1.8618451532425115,-0.8796424273675065,0.009173248182129144,-1.0151747653948713,1,-1.4346848338358382,-1.7397278088770998
0.029109946576669203,0.6737943936677578,-0.11626664531036575,0.2697364928182688,1,0.8855764487962907,2.115470009824068
0.03091727803269891,0.8605297079614455,1.8421506585682637,1.5254530327867601,1,2.5574755205550987,1.059163807675022
-0.11761085542512094,1.5588162477990857,1.924496037012573,1.4468866505388007,0,3.7215440181567456,1.510228047578186
1.2141898289285016,-0.8761099242279576,-1.6643563933302008,-0.4480760317279376,1,-0.9730984671853856,-1.3391006521146227
-2.672834433102938,-0.22645458454413847,2.4939270057279894,-1.301858086324263,0,1.007522847002286,-1.348835349312798
0.3959338744308236,0.7472720511434552,-0.9152257211533239,-0.3846178774833394,1,-1.2268609775543022,-1.4915005172156592
1.5614382018035733,0.05741007143815779,0.9806732943274258,2.188226680498743,1,1.266659348970011,2.527574273985933
-1.127780764891714,-1.1173276020512748,0.9704979808637308,-1.049341254888684,0,0.8040269286938682,1.0703313029878516
-0.3798065117898951,0.414616285026703,-0.9956902268418067,-0.45137129325753184,1,-0.9786242754286694,-2.291849063057301
-0.7528919172286209,0.5786616338151667,0.493267793839099,1.8824552399651273,0,0.1308961501764013,1.2329439097694088
-0.8943460460775288,0.08796289633100199,-0.10753374426606396,0.35041960782173365,0,-2.045336588334316,-1.853357888625415
-0.32626200502304,0.21958492717994416,0.5543300046323907,0.749431160064878,0,1.2700613507053289,1.8085077042639428
1.4274852836845047,-0.25870590168573016,0.2306723023806257,-0.3398376785964031,1,-0.17766243219617883,-0.6455551276135139
1.8373866754875203,1.4782789357160593,1.196339485370247,0.8343844792817222,1,1.1570741295165736,3.056859674217052
-0.3359392250401477,-0.9006921837126766,0.07539954314606226,-0.8721262757931781,1,-0.9299457045472205,-1.3870445515049272
1.9050602140644701,-0.5873207627637789,-0.16787406942631122,-1.8408483652543743,1,-0.23643552250588634,1.0103902183422946
0.035576476984624864,0.010985513527525621,1.0960642330571804,-0.0793587088684275,0,0.3999686709779246,-0.44791709247817635
1.753691026701081,0.8789540277008926,0.5803959648586033,0.9816172186493135,1,0.7985546512515039,2.1355584031097976
-0.09329864965349177,-1.4973731700945367,0.7318133943208879,0.6825121611700151,0,0.9334568200014622,1.089797766888984
0.1310578260461443,-1.3102967497654392,-0.6645866722585968,-0.9360323998118271,0,1.0270313466858902,0.24194032121802733
0.36547447264283456,-2.037728507734718,-1.045262781398474,-3.923605278243385,1,0.5346480183023024,-0.5101005907123992
3.1788536793675353,0.03269522525327079,-0.5677221432527015,-0.0684831570870702,1,1.06017681432957,1.0705941789072502
0.8512855748447891,-1.1183058172065439,-0.6208213856805886,1.8672255956872017,1,1.5111948508211732,-0.34297999501831766
-0.7072645299514636,-0.3845501100179167,0.7861992686529143,0.5664171491710647,0,1.0571514280875043,-1.928102309803061
0.9689978702758579,0.661378189891708,0.9759840502940518,-0.29501395569305633,1,1.0184029155633167,2.218650593945781
-0.3618325370843415,-0.6415427207828466,-0.15513028953240038,0.09070319221993639,0,0.9129311267449671,2.0712485485861234
-0.48975018290120914,0.23128202274336457,1.4309190188243524,-0.5616134471499159,1,2.410179077632755,3.823646182402788
0.9086013598921112,-0.29933790775172203,1.3684693937651298,-1.5872910875932007,1,1.9470168621004158,1.2287804425921074
0.031085587771152785,0.6721143150964368,0.24339891640053923,0.17587980254114854,0,-1.3037202688677685,-2.425425210541972
0.2785759145118061,0.4751280673480088,-0.82189177154304,0.4621263317703081,1,-0.9010330514513323,-1.0226153889529732
0.013985221865292462,-0.69193369617461,1.5753766494355401,-2.4118637854495915,1,1.151879418619551,0.0473890257766589
0.3365831266054347,-0.16865175340045263,-0.06101735102840823,-1.2807076581909889,0,0.7417902630982861,-0.8241217661671218
0.4249658974361492,1.0437433977204944,0.1261651964309746,0.8244554134043404,1,0.5068760027166445,2.529730799930912
-1.9369669327054153,0.393376870254097,-0.33960502560656863,-0.10133921719075845,0,0.9263135175744908,2.805592886344283
0.6665726686095336,-1.3969620577511315,-0.8897903262971976,-0.6948191338997918,0,0.7635666264400187,0.9762798826617239
-0.9820194198303006,0.6556180611713827,-1.4686394303152919,-0.7032862395948829,0,0.28861402188172525,-0.17252831395193013
-1.4422991355594112,-1.0846106224362382,0.6328683235572881,-0.13188253694696517,0,1.5979189250858055,-0.05311075665455145
-0.05841124385868244,1.412513069961006,-0.7834010538966204,-0.08199890249061026,1,-1.0727025580746228,0.5059675273740609
0.08398100331445427,1.024098839841025,3.0595312289968235,2.4415313970136294,1,2.8295448614338063,3.7685595631292266
-0.6935061645722808,0.2898854759184008,-1.086073582612479,-1.489647613161964,0,-1.2808946621751534,-2.211100709287546
0.8310318576679744,0.1572328434361934,-1.25738247498137,-0.9699126525031817,0,-2.4286434658476477,-2.086492633643306
-1.342175166370907,-0.20903225602742,0.5101387156134412,0.2543256433304416,0,0.028814871624497307,-0.624036443374531
-0.40694374877255896,0.6785239514000281,1.5293134789672953,2.19348193358966,1,2.7229113225869748,3.569477247230826
-0.5848741349330007,-0.37077816946206166,0.06458965694322165,0.025836063935762654,1,0.9507875974232609,-0.6231585152909395
-0.04658727033933937,0.23556987063989387,0.5722424201872743,0.7466024192815084,0,2.372599672122002,3.6085875794728306
0.2788642846472388,0.8719343665194511,-1.8435474174587096,0.6976457075582303,1,-0.5157692535562886,-0.24783643568884153
-1.0078929496235447,-0.5618065435255897,-0.6775115456917667,-1.4646075580651534,0,2.027745595264012,2.2837969308104666
0.7242826774562282,-0.6161927399906946,-1.073615729137567,-0.9707686854321211,0,-0.4881205265482403,-0.9783620541979854
0.06300236833469973,-1.194365480724459,-1.895045849947881,-2.1435147949463547,0,-1.15244813081395,-2.1214975243843734
-1.8919462533119105,-1.0644727461261723,0.11698023402388695,-2.1089987097552862,0,-1.2068623428266865,-3.4875218652460975
-1.958591440397031,-1.8283953114415024,-2.2428276216104335,-1.0243994236046254,0,-0.27999038510570085,-0.19574272453176167
-0.012319292929311235,0.7298287890155296,-1.3221959660874487,-0.5539115266558486,1,-0.8718866279146971,-1.9264779825265852
-0.2209673177863541,1.8089145420827708,-0.537193794013418,1.7305073495479226,0,-0.9801077916970462,-0.6825302104841009
-0.1034201135746335,1.4253289434703056,-0.8312858359510763,-0.19006617631425926,1,1.2158333454729047,1.036599126792504
-0.02798245653021798,-1.6260844886265164,0.3964085022070677,-0.9719628810119282,0,1.4039959401643392,1.0053586498581346
0.22555983951018072,0.7248546715562,0.30558019190248,0.07670407485087344,1,1.7715110861902166,0.0037139012613416345
0.9476496098482997,1.4221063499235564,0.8937987459354568,2.5158584865910187,1,0.6419640884250021,1.5712343352616525
-1.1111049009175582,-0.456809980738664,0.7523837327126781,-0.03259288939709298,0,0.4155020489766088,1.0231885446319269
-1.1719715929007948,0.10144743065004946,1.1408127893613809,1.3149118889011802,0,0.6474495317082047,0.6368458351151319
-1.0933238578873825,-2.0078930508046704,-0.0019184000090541567,-2.3218032960528356,0,0.7813287726667845,-0.6386035144612912
0.2889166671687069,0.2667361679766415,0.3034669008166697,0.2641975512659477,1,2.191714147000565,2.351864321329542
1.2449473786464456,-1.0635597294347174,0.5115137019191913,-1.810663747075358,0,0.6852850503883056,-0.10538758770424081
-0.4313394382395105,0.19963501791151453,0.1416566973910257,-0.25788992877343675,0,2.0627182377397943,0.7208456623666901
-2.5016998441596545,-1.5612029221888803,-0.3971943099170739,-1.4798425020519559,0,0.6509339458844756,-0.3925308096174383
-1.7039928626103755,0.5428582244775959,-0.3324425343397702,-0.30242880559461444,1,0.00908623459492422,0.6509599096341426
-0.8330367227960116,1.0245126754266898,-0.8175583983299655,-0.416382972012877,1,0.7718251991643963,-0.6207179639732205
-0.5577288874952148,-0.7831798617151676,0.4216168299098296,-2.0243976157904835,0,1.9673427132528676,0.512151103675063
-0.4083886272547264,-1.1369225814104345,-0.09401517408515554,-3.226547729207536,1,2.389999575408538,-0.5994377639074913
0.038581122980917065,-2.156023042549981,-0.6631737506367649,-2.7380444366924435,0,0.7757236192042865,0.49046135456009987
-0.3117463308224471,-0.26641353407517704,-0.6622448193245927,0.4196913400932064,0,-0.38491733432324826,-0.31039107452533915
1.0493396105434072,-0.5815939342816051,-1.2103987277827886,-2.052141800752935,1,-0.5171404652812494,-2.077147091270544
-0.6760173056813688,-1.5510194123480547,0.9788413412371997,-2.5779179878847875,0,1.1829511351284547,-0.003976828716396194
-0.862317959475543,0.45301875631217164,0.07861766953178756,2.144253201156409,0,1.7227174503807545,1.2084545557240842
0.4788755385204616,-0.44997038186464916,-0.8628000195732701,-0.9874729477026805,1,0.34883311007902407,-1.0714402865914066
-1.5356420699261193,-1.0757359586452324,0.8085477496020183,-0.5180280385784455,0,0.9558314766220621,-0.9935957822723898
0.3896917053200022,-0.5545724056404471,-0.560448809794373,0.2097506701009459,0,-0.2960804077554189,-1.2012813069349324
0.10255318372626686,1.0713045389296156,-1.4065006270122327,1.4981436701463804,0,-1.1999214513787966,0.8989443262648837
-0.1474424899181674,0.6029369437552222,1.021222289219133,-1.0520234144789864,0,0.47102331267194464,-0.7666042424130133
1.5882761071492624,-0.13002606149848983,-0.5370969895661131,-0.3324800078683123,1,0.2524258517145399,0.7644906552920308
-0.6222074452947179,0.6191050184648526,-0.4088990902087895,-1.1353253551158071,1,1.9145825603103728,0.37518349054461464
2.0602981705240784,-1.160911956386739,0.04118002034917748,1.5408065329286669,1,0.2358178340856883,1.9092299027903663
-0.2254314492280993,0.03237010072703053,1.1425892227901149,-1.5696265854485163,1,1.2110173940412519,-0.6040813446154663
-1.2770164449702281,0.14732233048647056,0.020037290866311695,-0.9329288010903731,0,-0.8529545400693954,-1.3211913168177716
0.0699195809948253,-0.4698365084987269,-1.1991171261452302,-1.4070733314705117,1,0.4231784482631125,-0.14954472024934934
-1.0762452003187681,0.43545833595741784,0.5438770041121802,-1.1570029746760944,1,2.1538829212678343,3.693493298053517
-0.7517558478135002,-0.7804334546444512,-0.48498972426172404,0.7438558151338733,0,1.3238042169144868,2.0836929500024484
0.39703330001549114,0.5098207077761179,1.8879239715294662,2.820108053148868,1,1.8238773870439795,2.3675627474776544
0.5555820886501248,0.5518587715312919,-0.0011197219978901704,-0.04529927751820967,1,1.0236600556405437,1.6897997975879058
-0.6221677002542582,-2.917159880697066,-2.235035497898666,-3.5958078537881217,0,-1.5392723308672112,-0.9204279753832445
0.9874051450464006,1.1903057035101177,0.357364972155674,-1.3084870499881294,1,1.1995849624310404,-0.948308838062291
1.157507758021134,-3.047632565352754,1.9445977922602284,-2.6212621194972496,0,1.519615783700556,-0.40590606656827943
1.436301756563291,-0.6160490255561253,1.5759202885453896,-0.7968836630952216,1,1.485334966149629,0.9885232126281438
0.5294134071257222,1.025348034257755,1.8309542887565653,0.14847534036090437,1,1.7229453513061999,1.3179190888543477
1.3634287120856987,-0.31728672525244067,-1.0197601853814635,-0.026108391720675334,0,-0.18032903154285856,-0.33444357353348275
-1.8807984279740577,-1.466185982469542,0.9121523959767788,-0.7484519235107565,0,0.27138205066003857,-1.61818508122566
-0.31790654862846257,-1.0937370617166706,-0.7219945397367117,-0.5300316502011024,0,-0.6901334067147945,0.49289052439707914
-0.8670052563234263,1.0269057463206197,0.2242893994169245,0.4848616101615962,1,2.2964214413100468,0.8088431509891651
0.11922586112739209,-1.9215045305486382,-1.2729524287397325,-2.6003953634021997,1,2.3713162630277487,0.9024406706769221
-0.5714492191967373,1.1289911009620173,-0.6444557648827163,1.5464461565570895,0,-1.603929522761328,0.14485958441663527
-0.16615784194973238,-0.05510209904228934,-0.6762466973636153,-0.030465877831455233,0,-1.6787441567415002,-1.6261177698364389
1.8821748802040494,-1.1923953304424335,0.8985552801426162,-0.04171083291044797,1,0.04995144588027234,-0.7061922459590819
-0.1697197964203783,-0.5831150723026911,0.8007191216696554,0.3352457930761323,0,0.3931574403966313,-0.8609471193170029
0.4137923171902139,-1.0172243411016413,0.2768197293308208,-2.2151970551063958,1,1.517408743222366,0.28244920270799606
-0.2322693299242352,0.8662252008585286,-1.3504214180553855,-0.7585665507879509,1,0.20399166285393294,-0.9236959491252782
0.07571328795683367,0.7324278097628383,-0.31163943394972,-0.18424702712551455,1,0.42881468773164194,0.534645257063822
0.006016680436071459,-1.7191611338760466,-0.746116482942726,-2.3972110927139845,1,0.5163433275334088,-1.9512704545284334
0.4483240659731595,-0.4035921185193341,0.869675756694491,0.44044992353102014,0,-0.15288718747778507,0.9185262482281311
1.165307535547177,-0.8631856623442771,1.1781848528171845,-0.3219751406406184,1,0.9363518369940356,0.9993974007145848
1.6473939976033294,1.2935099684593703,1.056385586030883,2.1081217691836196,1,1.0848645149633507,2.319413973705782
0.30962008190916684,-1.350099118126421,-0.7552194194170205,-0.65659049472769,0,-2.0524523789104054,-0.7097872362313751
0.5895468860356021,1.604229104685014,-2.739533122289479,1.4599482835276798,0,-2.859820740542073,-2.3930099299744634
-1.150864509185567,-0.033294739516937566,-1.7669618981300543,1.173759883520959,1,-1.7670824381182928,-2.0140989984633477
-0.08787674241562057,-1.1619344063800876,1.4216269780822084,-0.43658149724141987,0,1.6455169500947435,0.7834131149133972
0.940289464883589,-0.6772741840092779,-0.4012549393198239,-0.4601729000895179,0,-0.003423113805874456,-0.2713467819663473
0.8659686384171532,-0.8016188407684506,-0.7507246182651125,0.855190338131294,0,0.1456119367495733,0.5247619747764609
0.21160973279505021,-1.274618402015506,1.642660293436234,-0.8790214704193047,0,-0.8212056078719994,-1.9448889189396772
0.8863939595679524,0.09482685973037566,1.2651599454883269,-0.23037565432822862,1,-0.24916751984884056,-2.2386413631097852
0.49076670899381886,-1.2279155506918433,0.02444872191978665,-1.7955973883172875,0,0.6783736478467631,-0.6383487131887856
1.2003062582593216,-2.1803662087381888,-0.2934030910639739,-0.997660183770376,0,-2.9605795581257146,-2.666467388217575
0.2893591569571111,-0.3796764708481731,-0.13210121281312523,0.9409028945808939,1,1.592726605655667,2.0596989845874716
-0.35569831557103465,-1.8028561964178826,0.22716279838746606,-1.4568152346393786,1,-1.2324762085225611,-0.6193197360193223
0.33584125693302364,-0.7521608680675204,1.600047281319608,0.7212301466871727,1,2.2853742063431355,4.434672882339682
-2.9305943758527757,-0.9091028886033559,0.4224674242372267,-2.6791152850821938,0,-0.6266548217298821,-1.3564520541965261
0.38288573638504947,-0.8712160720258142,0.7260290330391413,-0.7350019109880499,0,1.4990417156558502,2.5103537619733616
-3.6484128252147836,2.0009631015901537,1.1692701090701714,1.5206563071358836,0,3.933108381540001,4.604153631885829
-1.723463407405418,0.05641156716957076,-1.169676001024419,-0.6829933500150818,1,-2.5483767507562654,-1.177828505745133
0.45176860094098414,0.24537100899533215,0.7548618924740429,2.575250424998232,1,1.613391521194555,4.517395349873771
0.47752933726679525,-1.7763982963422946,-0.29456875466161137,-1.451783303835751,0,-1.9907953414839388,-1.4624625036058256
-1.1624287801399305,-0.6539631336369219,-2.516095195772766,-0.9178220158412324,0,-1.1332100991616108,-0.8932844540256335
-0.7121020418789388,0.21530262994151197,-2.128169541985812,0.19389816478788435,0,-1.5262372795830974,-1.63382989653512
1.370540988614132,-1.0245289129130064,-1.0181176115186856,-2.8019462905979746,1,-0.05145059667974178,-1.1158529123133616
-0.48403013157267616,0.9080628435179854,0.5312232285925814,-0.05157890740088644,0,-0.5823278746008365,-0.964505102015869
2.242920312402985,-1.2026965859010301,0.11379956534029644,0.04513663244260058,0,0.8510968400074841,1.7237600646647224
-0.001919853176346149,-0.2863661358651756,0.184366707175664,-0.8523109409076117,1,-0.8840504795214693,-1.909258268817513
0.4080361768812668,-0.5860516399755586,1.950943482686692,-1.2859954419812074,0,2.451222222164489,1.5885971197757107
1.6168743984986076,0.16432065938191598,-1.2690896148598123,1.4376957508322947,1,-0.7460858678232662,-2.220626897591232
0.13102711619341956,-0.640490071855426,-0.027433354183723595,0.8406721449045966,0,-1.4196993569969982,0.7812920401794223
-1.0023439806908012,-0.27089362707093734,0.3044355228138156,0.3056934430458107,0,1.7836868474852638,1.4394976485948716
-0.10972745169429012,-0.23613009177798555,-0.7362731165383355,-0.639298805625496,0,-0.5238319850629211,-0.3207463639111607
-0.03561073619009093,-0.734387757391301,0.028326745082940964,-0.8122935158815383,0,1.9251985523934496,2.8943057409035373
-1.3647416522015654,0.48509386849711267,-1.599949334084345,-0.4257767441472111,0,0.2293875421810483,0.15312343690005045
-0.25583207134082336,0.23838837483742528,1.4099062172750279,-0.8088301866554531,0,0.07599614992408232,1.133964971986676
-0.7421920939974367,-0.0886139452531673,-0.6816145525304338,-1.1135353656059028,0,-0.5075908235056179,-2.2891024574417966
0.9243577571874341,-0.4304583334619581,2.031400164778503,-0.9538119068855349,0,1.3805060418262463,3.391274596969698
0.03461187418525562,0.796544030519997,-0.03247432391745505,-0.41341664687914725,1,1.9561691191576172,2.7330778647913996
-0.28279574914757005,-0.23583424381418136,1.0280535653991831,-1.7476558287182105,0,1.0749109239146084,0.42061419798921224
-0.10618193062257626,-0.3066972878259372,-0.05330286899115438,-0.019821214750325278,0,0.14324484232194357,1.5359702626612781
0.22312201840616613,0.10469002988812601,-0.03074383226052982,0.3162538042061753,1,0.2310592369001638,-0.7887547974707627
0.6168141996897798,1.6965866829708507,-0.5840293332220078,3.0241303711455805,0,-0.4126552224522839,0.7081776699021529
-0.9997122286693814,-1.340356208021204,0.11912392936627762,-1.7138162106112418,0,1.3784489218854166,1.8593043334659636
-1.0415876326212719,0.7698568930553547,0.31799869441404743,0.8965889662064472,0,0.20086454133418377,-1.430129294226167
1.10467921540253,-1.893171161238105,-0.7842585089151799,-1.1639609264909203,1,-0.43123754682558624,-0.1974880439777571
-0.4123368722047306,0.21727315822862395,-0.1250444158598842,-0.08436449770720639,0,-0.642034703446815,-0.15479664176109786
-1.416842092596874,1.5750828276087308,-0.6100988660571137,1.972898194284486,0,-0.9320264507915725,1.7665979690907356
0.44381270938310463,0.48866852446730713,2.2996640696148387,1.1563906359352139,0,0.02369572711843504,-1.0059747678301463
0.4633698060326869,0.1706250785397928,-0.08973076991161853,0.46049865645857835,1,-0.3560083856716825,1.5367957554184064
-1.5307152572567064,-0.5604494688030756,1.5452321516965593,-0.6927902907141945,0,2.45646420970219,1.2281481634236582
0.2294817154636063,0.03104720048855424,-0.19562233080768832,-0.3333132921734627,0,-0.32788510566826334,-0.8654347008076599
0.7355830924283736,-0.2520628154033563,0.25928764153490796,-1.5643628948116772,1,1.3151700063077414,-0.5759465238469264
0.37438645170626306,-0.7859766079313554,-1.3213640716452693,-1.418979532804149,0,-3.2980022423209014,-4.716485083209333
0.6319814837613953,-0.28987561547486984,-0.44707259186786463,-0.8481105039720864,1,0.741126302007803,0.8102398845021634
-1.404269098090749,0.19838116062643954,0.21053467078924676,-0.9692344571408112,0,-0.030821208479780732,-1.740321437989898
0.3310401549961956,-0.7672170685306403,1.5860038309598667,-0.15850534676623523,0,0.5018823523046085,1.1819128423362257
-0.30261975947044656,-0.8062818206846841,0.22198277767627117,0.5677280488529564,0,0.3185892795804198,-0.16189552468434976
-0.4827901587246448,-1.3602434375921744,1.3837203611929991,-1.969052313651046,0,0.36208137012763164,-1.7857533471341038
0.8705556094197265,0.3907250260888961,0.6407291102029202,0.5882069560939761,1,-1.2766228715625454,-1.3489671965680876
1.47927451067423,0.5453232619670604,1.6274013394646858,-0.6087589951954031,1,2.3812367716400424,2.481796707835172
1.794370054600359,0.23166044423651747,-0.059042217305055426,-0.1242270244346785,1,0.6564113866190587,0.5129598142158401
1.314807871505905,0.9651704927286658,2.390222710651804,0.06250340515058361,0,1.1679956258562667,1.318247537889645
-0.10973418163018368,0.08786763708072752,-0.485396202914123,0.670432405529409,0,-1.2671310178791937,-0.20820389402584427
0.35272016302634307,0.3920109373657567,-0.766461834197669,-0.37301964269688803,1,-1.4950638533096898,-0.4225327571273003
0.7668228717842437,0.30383742563756283,-1.2100528496890341,1.2486536057039457,1,-0.07634005973914357,0.25551645963781383
0.12117794929946196,-0.09154001941820787,2.3310246715580702,-0.31712198880840115,1,3.5086762565913627,2.098237581275127
0.13076418791154437,-0.5308218281296473,0.8194475726178976,-1.0636447355359557,1,1.1612239717641346,0.7156648808112012
0.823753131876182,2.214152615791911,-0.33412073338030845,0.4737337779725277,1,-1.1399164607886172,-0.27867929075725156
