Z,V,U,W,X,M,Y
0.30471707975443135,-0.059282646025932216,-0.4519509798535085,1.2027822329732678,0.4975594435726288,-0.3142599511425561,0.4896645530224065
-1.0399841062404955,-0.7292869363736615,-0.6658777111204364,0.11884837474632604,-0.26481819793383243,-0.8314982607565101,-0.9107294774206267
0.7504511958064572,-0.4144730658358585,0.43400982345010697,1.6428384800236207,0.7811482238459416,-0.07605712123570652,1.5972897051900197
0.9405647163912139,0.6339103777337424,0.25185441529500513,-1.0533827381075922,3.2789916018815894,2.0601788869854523,2.1920183780527904
-1.9510351886538364,0.002993291199955732,-1.4047915476103274,-0.2630253411782891,-0.26656550973843496,-0.7562790511959394,-4.05589752295381
-1.302179506862318,0.34020997686833787,1.1226782545637386,-0.1971576019855219,-1.3213504437833141,-1.4891968801423916,-1.093771998849843
0.12784040316728537,0.6700792422021898,-0.09419457535083331,-1.4510208674908935,0.027721451719235457,-1.6974519786832185,-3.1894294702888146
-0.3162425923435822,-0.3748414628976096,-1.1109310952157205,0.7679508637195587,0.06337115213227329,-0.23557580736846945,-1.351706907906631
-0.016801157504288795,0.7562481636298061,1.188784114353874,0.31947701182789034,-0.5879493301839842,-0.34281747647792565,-0.3721026988875993
-0.85304392757358,0.37884260345839443,0.625675571596154,1.03512843568411,0.55673500075391,0.9404907598291989,1.6198370324307687
0.8793979748628286,-1.2348130869114786,-1.2645419919479142,1.3966177265386583,0.694492179555227,0.3094370239013337,-0.6380908189147931
0.7777919354289483,1.4423047911862443,1.7771828402577243,0.7717540452976623,1.4379445715969035,0.47797558077283653,1.5820608982600475
0.06603069756121605,-0.5007447437569161,0.6587973683661927,-0.8117338827875498,0.5691397143341537,-0.7469700147387764,-0.27180484509115055
1.1272412069680329,-1.6550953431851838,-0.010196115625046132,-1.1723101979604473,2.1242463633164332,2.6240209542001613,2.1297636554885
0.4675093422520456,-1.0450437095863023,1.5902188056217794,0.1721132595060938,0.21192318159157908,1.4328718741641728,0.5997321288260185
-0.8592924628832382,-1.021045160678322,0.15929778382964058,-1.363128250639241,-1.2179906198172141,-0.8685718096166402,-2.485002955082462
0.36875078408249884,0.05217331865753347,-0.02808307510403198,-0.5902664085792545,1.847793467004489,-0.11984489905874329,0.7085994216972415
-0.9588826008289989,-0.2738505055462372,-0.660300116021989,0.8435858759153009,0.03747487632872326,-0.9029632264929873,-2.1128912985985737
0.8784503013072725,-0.33683196764059287,0.5818504393070786,0.11591038907837309,0.3253807330793974,-0.6834037338571927,0.5929449948056351
-0.049925910986252896,0.6197019654824789,0.4766029673239799,-1.561360729928487,0.17864659401984767,1.2592969811403893,0.32807155103266317
-0.18486236354526056,0.3398753611927038,0.014680139889711287,-0.9602890177387993,0.15350703607186822,-0.6985713006423592,-1.1824621941288187
-0.6809295444039414,0.31604787064428624,-0.789986353867603,1.7477532029297536,-0.11997900430094594,0.5497524968829276,-0.5338048468249206
1.2225413386740303,0.40982845732869266,0.12992985416607386,0.7215944797951928,-0.14954892622766525,-0.38736942698949484,-0.03775419688925996
-0.15452948206880215,0.6161346680022383,-0.06979878576213788,-0.28161088999550316,-1.4612781234006347,-1.744200586320126,-1.149702544633352
-0.4283278221631072,-2.107953341777443,-1.333474318734201,-1.8146132638213879,-1.9978188969064619,-2.1520741692369136,-4.173805385566712
-0.3521335504882296,-0.3644382522644612,-1.4718123513241856,-0.2710251639646096,-1.3986480202286633,-4.166082044425311,-3.5381386161319455
0.5323091855533487,-2.180210064489474,0.5651533788097695,-0.9648304900216259,-0.9437885451124051,-0.19507832711253215,-0.43808750712299604
0.36544406436407834,0.03605992679779541,-2.601888315051689,-1.330136651956509,0.9652679524659808,-1.3489193678525142,-2.422701657909114
0.4127326115959884,-0.00463297222434532,0.20541052696125997,-0.8445628570054474,0.18852667548525073,1.0369342772323116,1.5095151753124902
0.43082100300788273,1.0455322747896802,-0.4780830577538245,1.0884709291993395,0.9371451738034343,-1.7610010955792053,-3.315938557920476
2.1416476008704612,1.1876343927211208,1.3082466068799101,0.8265202458270239,1.0546020401674319,2.4475501752044364,3.256720305502615
-0.4064150163846156,0.20277504825236733,-0.49346820915387574,0.7300237202735564,-0.7442520002872322,0.1797356051929987,2.04766551849041
-0.5122427290715373,-0.5003610773968998,0.659484214251896,-1.6197890377291797,-0.03351988963631203,1.6458398261984977,2.2074733364624173
-0.8137727282478777,0.48516111254573785,-0.3969138412377916,0.7355543440569967,0.05677657399215641,-0.2732584992750978,0.346174229484966
0.6159794225754956,-0.5279176373243135,0.11374815348614345,0.6798078622645076,-0.37344290361073645,0.9163713826393329,0.9229393154322866
1.1289722927208916,-0.001392651443348899,0.7368365309200512,0.48573227902347127,1.1433808530415572,-0.4998840018677727,-0.7450634002508509
-0.11394745765487507,0.9861363169607678,-0.46255571632458015,0.9082980669909907,2.4448612762588593,1.5264505953997798,1.4924282591271456
-0.840156476962528,-0.5577713459894236,0.996554884498404,-0.5309452524377213,-0.9437540353093358,-0.577988049600136,-0.33124843876356913
-0.8244812156912396,0.8056786392425009,-0.9936978771064832,-0.20642181416235106,-1.1284980800589486,-2.775318652255483,-3.5842340901866874
0.6505927878247011,0.6774013686923024,0.2945928425583791,0.45637447514020746,0.6293438150876355,-0.6582882389887297,0.4260338425183627
0.7432541712034423,-0.9547918171308215,0.9226397227878528,0.5149682355183651,0.40463110047804035,0.7596517619728574,3.157696040167426
0.543154268305195,0.973894128217401,0.6600374917903349,0.6406089134094476,0.6622387776110605,-0.11706851338261848,0.17531493507250762
-0.6655097072886943,0.6985663453715051,1.9164448767354103,-0.34492223995863613,-0.3658499251376391,1.3996368889598167,-0.2775653216804195
0.23216132306671977,0.10192588737265744,-0.7634393173106605,-0.4127448966147135,-1.2057923852883634,-2.82417650511639,-4.118528229620309
0.11668580914072822,-0.7623234580276522,-1.379149251348588,-0.39376199998563854,-1.127927031443196,-3.4897372436014242,-2.6230385896432793
0.21868859672901295,-0.85920601857557,-0.9943351084951194,-1.0436946916697916,-0.2597982644187058,0.6389904478881843,0.11415573773232916
0.8714287779481898,-0.5376625769030224,0.660442566548437,0.06592647307878319,0.40469316487643053,1.4953864448558591,2.4091744143371434
0.22359554877468227,0.54259446329196,0.4979229342693786,0.9460674421167592,-0.18175308527384104,-0.8223735050400212,-0.8625651873956541
0.6789135630718949,-0.9556251674013979,0.10225665964741577,0.14359554983155776,0.07917240520562233,0.09602706785338831,1.069933570270399
0.06757906948889146,0.4375122486198699,-1.12295704910713,1.7648190261885315,0.2729379328864954,0.4460957595538263,1.0242273432299573
0.28911939868998415,-1.2417555288783926,0.7668672933290608,0.027289411847214562,0.7063328982773742,1.2125081343794415,0.4444484785729318
0.6312882258385404,-0.20406858443884895,-1.2247047776505404,-1.093412560010262,0.3785850166998822,-0.44073060844490974,-1.1989778761015528
-1.4571558198556664,0.10964775457400863,1.1589495823768998,-0.8180091980085455,-0.8302456438752734,1.4400922826424019,-0.39894274429071386
-0.31967121635730134,2.4451301450589167,2.857438423139865,1.8314300366861305,0.03608129110584757,1.0571359281431274,3.718453629403307
-0.4703726542927955,-1.3773156555203674,0.3664511465715505,-1.5254815685453011,-0.3191889650683787,0.1147431252582196,-0.7067762266008857
-0.6388778482433419,1.4720145664901334,0.5831081356577431,0.009844634901361449,0.335111667912196,0.49447865637589733,1.0255583118477314
-0.27514225122668373,0.14984241398728004,-0.4928597688955594,-0.32481471126291583,0.6788880895081526,-0.2728354641076207,-0.9660449329934093
1.4949413112343959,0.41117191801596314,-1.8102133210868163,-0.15379883756658774,2.1579695745239995,-0.5410514619587783,-1.4268968112946483
-0.8658311156932432,0.11834791338820451,-0.6027193630302223,-0.5795363673184063,-0.12311567808610391,-0.35621982238899386,-0.9269236287267357
0.9682783545914808,0.444726818195233,-1.0928952410987494,0.031097432037276163,0.8996391462051395,-0.23834993770338428,1.0187751731879724
-1.6828697716158048,-0.15368510436201774,-1.4470045764150157,1.0585764689159571,-1.2729472607879884,-2.51839674726643,-2.626425955032257
-0.33488502998577485,1.4540501814574582,1.7223599419956492,1.3333971827860567,1.2810765158740125,2.4461435060810555,1.9342072226258198
0.1627530651050056,-0.4564711442247224,0.272862518025773,2.115761583560186,-0.6702443032400924,-1.1088203830483205,0.05519666752873606
0.5862223313592781,1.1322345721792477,0.37968758061398367,1.0536511523194627,0.2778877498484431,0.14222234286529542,1.160568278156544
0.711226579792855,-0.6443671202130229,-0.30902236519624954,-0.7926721277034097,0.5746700302955878,-0.22827282550871167,1.1821648815906862
0.7933472351999252,-0.06025184640128695,-0.17287108244343635,-0.04286355753813773,1.084403638648938,0.7389051789363075,1.1256361056178519
-0.3487250722484376,-1.0719625522902192,0.9645506822393334,-0.579638812342831,-1.5026842054217218,-2.197290409668721,-1.69406635116039
-0.46235179266456716,0.4550237203475199,-0.03233711869521544,0.7901724590421292,-0.31775032090984984,0.7278731569289922,1.6758656972060062
0.8579758812571538,1.4451259569265338,0.5306939380247327,3.20390957226172,1.1582343273892257,0.1732453412883217,0.4973207661014787
-0.1913043248816149,-0.07735617982085408,-0.19600429784501586,-0.9056582852378348,-2.4087895411877747,0.014485336578645702,-1.3641633323382827
-1.2756863233379219,-0.19688569870390954,-0.3421528907320472,0.7054752131886861,-1.39835108510912,-1.3195577050691276,-2.173569835682734
-1.1332872140034806,-1.1146169630679268,-1.406914165601862,-0.6616506335788591,-1.5333936461052688,-1.611157509154536,-3.262359349464726
-0.9194522860016113,-0.2292926535523081,-1.977749062367128,-1.749946012341418,-1.0404688603877288,0.2193706342263264,0.12746898221386793
0.49716074405376404,-1.5927942597215277,-0.2615619010664018,-0.4716807404880283,1.2909661310015081,0.14142817149584114,0.2833864694720247
0.14242573607056525,-0.9128779867188273,0.05649669199323269,0.5555787311632195,-1.411395203479073,0.6387499921436802,0.93094775587443
0.6904853540677682,0.22678604610913541,-1.286130036708791,-0.6802832878123042,-0.14452519702745692,-0.8233918758572458,-3.561229677679988
-0.42725264633653426,1.3190131977413961,-0.03447486503463288,1.0198964263463184,-2.52225098142263,-0.7409685276681663,1.7493887471923912
0.15853969107671423,2.809210861229503,0.053752562990502024,0.46583020975130895,0.6402366664929267,0.39139167838730277,-0.3093605932203284
0.6255903939673367,-0.5865850850709007,-2.156008006059379,-1.716342826039639,-0.056684691149233135,-0.5143814484738458,0.91673734487699
-0.3093465397202384,1.43530015664544,-0.9151246594795012,2.167563699800696,-0.2767536110649597,-1.377448026709574,-1.8384308047405518
0.45677523755741145,0.2437524804016479,0.4072638937354685,-0.2762895712941491,1.5903851642992848,-0.015871584968516816,-0.8865854673512782
-0.6619259410666513,-0.15124764674637586,0.3870587293957439,-1.2267761394002124,0.23180527724774502,-0.2942874033901753,-3.0901007799432487
-0.3630538465650718,0.4325944517261522,-1.1536749163997606,0.5668840368048284,-0.08659206414015505,-0.6545345007068303,-0.05002897394203781
-0.3817378939983291,0.06191648367995918,0.15844805049973495,-0.4741175741606551,-0.6810542520304228,-0.42905540765418404,-1.753774833038488
-1.1958396455890397,0.11039572561221853,1.0224072253604721,-0.38471299179800567,0.02444768040867573,1.3551688123785732,-0.13357889898599873
0.4869724807855818,-0.4083331628266692,0.7770729589908982,0.42082615867010126,0.26099159145827033,1.9039631505520984,0.6424331835693233
-0.46940234020272387,-1.3981096597988507,-0.09528578701393456,-2.25225889357745,-1.7159884558244252,-1.8071103303046394,-1.9327511729101094
0.01249411872768743,-1.5436252025220816,-0.4679763133242924,-2.109392870649056,-2.245647615074192,-2.0346355326583803,-2.0861620927492415
0.48074665890590895,0.653244883281227,-0.6293444843345044,0.6636110011082257,0.2055708085008875,-1.7339261347748474,0.5473323818724825
0.4465311760299441,-0.2767000900857134,0.4678197829096571,0.7535837204813489,1.0462807087886603,2.791247575117988,2.2922436764776286
0.6653851089727862,-0.5960888996561666,0.19510397314288802,0.7732109597580397,2.6467926194697555,1.6166906412318076,2.1413224442548007
-0.09848548450942361,0.008505626723153567,0.6294040061022004,-0.6584273315175633,-0.02109505598061888,0.8605400286436635,-0.7849598363021216
-0.42329831204415375,0.7949322529156275,0.13187381312115198,1.5574241241938374,-0.8553987580782485,-1.643376062031146,-1.2487151675866737
-0.07971821090639905,0.1803639430263982,0.8187639503474419,-0.6434584179098183,-1.1911926717135417,-0.029573042062554438,-0.8333987295184069
-1.6873344339580298,-0.6560549366409674,0.09459253295770016,1.3144864963268454,-1.1456452890622257,0.052354974768857754,0.8590158010364582
-1.4471124724230873,1.2262929556489497,0.7846887161316864,-0.1772625200135476,-2.594401368915222,-0.9337313025446292,-0.11569580996914097
-1.3226996123544024,1.579185502981632,0.8708227703666389,2.5602435031174036,-0.04768863529987066,1.5941558565687688,3.4025853941748663
-0.9972468276014818,0.4945566553228533,-0.8045266302248135,-0.2707319156668983,0.12320169561262173,1.8684653779291251,0.6488037179315169
0.3997742267234366,0.9736635113440901,-1.808144046870746,2.7727039936429905,1.1248652594526853,-1.5619227694001059,0.7901130958214336
-0.9054790553600608,1.241959996813811,1.5434928560145533,1.5600495263672571,-0.5727424512169765,-0.3228557782953131,0.2087680082186744
-0.3781625540393897,1.1300993164045137,0.2566587307122617,-0.13453906261270132,0.6314739922741253,-0.43446435596361804,-0.8356616758917621
1.2992282977860654,0.6140991771126236,-1.7144858954961215,-0.04324112139466035,1.516201702191595,1.2255086707951133,0.5815175735330216
-0.35626397106142593,0.5983470470748828,-0.7138194972187111,1.2478919019421504,-0.8786520302078233,0.2043938151605631,0.1204296553349109
0.7375155684670865,0.5196605733465026,0.7718742923698284,1.4579796648258334,2.6739320676126668,1.5463036739013452,3.903184542700314
-0.933617680009877,-1.0973376745470436,-0.279676831132893,-0.9266389778711567,-1.5479949473105745,-0.8334376971912779,-0.9875113507797464
-0.20543755786763002,0.7007231568595857,-0.5120614193191271,0.5912223433139433,0.8422747300059263,-0.7549980776719133,-0.30001763963147077
-0.9500220549105812,-1.355813971126554,1.4008818603129667,-0.2991818648346467,-3.7196683603622143,0.08472314897422684,-0.4356053990081894
-0.3390330759005625,-0.7945994551250549,-1.0472871463838105,-0.48798914798672294,0.7034022974536704,-0.7126888210123645,1.5292683743951654
0.8403081374573955,1.3035650678080875,-0.7981533577548339,-0.27672410644806744,2.6560795979753467,0.4403041978259098,1.704742084921313
-1.7273204231923487,0.8402201626941975,0.21138647504826755,-0.1576022977387066,-1.178857924107736,0.20936332021070148,-0.8186748700454894
0.43442364354585733,1.4873982896858626,0.39045493205388226,1.395290609106638,1.4573090060127063,0.7098761724959036,1.0430198212933819
0.2377356023322779,-0.27167438368729224,0.4963430343407315,1.0035763972216056,0.6702591213460922,0.3743832923991487,0.5963753976687844
-0.5941499556967944,-1.1522488412767675,0.9112380445689469,0.7172283279661691,-1.562981125543804,-0.12779871333288975,0.2581878616678814
-1.4460578543884546,-0.24043719707034283,0.19857862068151685,0.5919884070565828,-0.7951010468532352,0.5606786875316612,-0.11322731926315877
0.07212950771386951,0.1020312972405742,0.48938393893840915,0.3668751728840116,-0.7101668441272879,1.6303360377683673,2.1221621988292063
-0.5294927090638024,0.07898871634000969,-0.2592092593150832,0.8104250847276846,-1.0417695298118308,-0.04401979694459346,1.6907984551354525
0.23267621135470395,1.1336804787567016,0.06269830323671424,0.21751992322337166,1.7261596146557368,1.6189589982261114,0.3157852338082816
0.02185214552344288,-0.36127042500344553,0.10753418005363442,-0.43502189176090167,0.8672244085543921,0.2570681133816054,-1.0732920261863141
1.6017788913209154,0.35203447180292424,0.21509813581903608,-0.5495438333331957,0.8103841984644274,-0.20976412965192226,-0.7063117883351497
-0.23935562747302427,-0.9886271494346061,0.7725398075827608,-2.0198717872667045,-1.2878352417046837,0.553435054169319,-0.8217620598265389
-1.023497492621865,0.450317278043813,0.555145681944831,0.684796488510379,-1.3784283737233602,-0.10486162076914554,2.062352383449246
0.17927563495631615,0.003108550185636745,0.0442170029001831,0.18793797572954027,0.8896973614424587,-0.9948502943025292,0.18061760842150987
0.21999668397176517,-0.7498133382845175,-0.8091259849410398,0.10279808064708917,-1.0710223341545424,-1.3116877844585868,-0.20274454383364404
1.3591875752404365,-0.2358293621748528,0.06767125806270954,0.36216492839606196,1.4566655527339338,0.6145586552475966,0.6395991598584279
0.8351112459145785,-0.18417574651522164,-0.028017784895743934,0.09898718904198914,1.4089320832996504,0.10619054382100268,-0.03642724777633108
0.35687105914950934,-0.2701551293370962,0.19318157981319836,0.3458956647946193,0.12767807589898938,1.6589633081808555,0.2862588363939196
1.4633028912195618,1.7713412422676835,2.206525307140402,1.3389630727413164,2.903106647019636,3.154282718488102,4.481206653379061
-1.188763054322851,-0.09844600230787963,-0.5237727785412354,0.3361035134222545,-1.3729901275584306,0.4305902377917882,0.8814888396647473
-0.6397515327497477,-0.24389611017733773,0.42228901912535954,-0.9163833686246831,-0.8558030730482631,0.14013307063816405,0.9391085726056954
-0.9265759414055249,-2.0974509576101417,1.0684620672442982,-1.2663058212967804,-2.5174751353182128,-0.38902949277665333,-1.2375935171787886
-0.38980980315576796,-0.8942073519794773,0.09800191409938289,-0.029064049257982894,0.3650702456818702,-0.7115550203117902,-0.8666981306815443
-1.3766861475563088,-0.26307342445635284,2.337845119172165,-0.8748786991481583,-2.0563130939125824,0.536052614822647,0.11340742052966926
0.6351509468144043,-0.6858526761766428,-0.3780392917314767,-0.48313298842493463,0.6623047047817661,0.07670668195371941,0.8380572277872053
-0.22222269709877338,1.381707593377797,0.32408922232004705,0.45412941320532196,0.21894784408036133,-1.0676520363596413,-2.2967453188564972
-1.4708062945026579,-0.16493777539621862,-0.798805744892982,-0.6551581613251655,-2.3901127607176513,-2.110337773926987,-1.6994808236688899
-1.0155790812075416,1.2884442493182524,-0.35152473514329313,-0.1199428406339178,-1.0417014572124936,-1.0099935900508261,-1.143390302949664
0.3135138474501953,0.061704634050368024,0.2489339103966579,1.3139045397258426,1.6772259082400327,1.3225702272096642,0.777088795601929
0.8381265678943811,0.037227836421576635,0.8463040623077297,1.0947228871288774,0.943857399450144,1.4107944603690634,-0.1928796092191507
1.9967308916917865,-0.08879644771250095,0.3190948340235742,0.4681726250115864,0.6969267777056372,-0.06986263490305211,0.2594432823367226
2.9138624660073296,0.0037962516214591325,1.259114849334736,1.975157028208552,2.841717320842579,2.528293603508582,5.027145677247682
0.4144094332759964,1.7187950030498593,-0.09496531059267174,1.1514144058104985,0.8160004264230225,0.12624276997438666,2.3410718636419685
-0.9895381200318641,-2.3196107267512183,-0.33216852983900536,1.222466048244684,1.7812844834535333,-2.27398649580105,-1.362410785283808
-2.132046280731309,-2.001545744438679,2.7039851072793866,-1.7887350960253898,-2.2702974334475043,0.17013488951030048,1.0739090033008392
0.2677114623438358,-0.5431708310561139,0.39423764944203077,-0.1684798964677524,-0.33782566569686723,1.1713944332328472,1.0088118745733683
-0.812941095310326,0.014527881937568883,-0.7194815459785476,-0.38644616602890447,0.7178539235452697,-1.8048500495390079,-0.9970611882112675
-0.41535726017968533,0.6901044247640123,-0.6942637622480688,0.9106070113762346,-1.9608604349817673,-1.2001395279200577,-1.2297960788036593
-0.6120967990598081,0.4730871980274752,-0.9426799145313405,1.204622942347675,-0.27262353949131923,0.8781190744047623,0.7404671812440057
-0.14079088641638526,-0.3842459128805702,0.9365693558567879,-0.4136282050999287,1.737454353990618,0.601914506916506,-0.31389156887538505
1.0659802307876436,1.0190436932417624,-0.36437729289324183,2.5715739278461953,1.1678688090601126,0.30177612291092654,-0.5355229338408933
0.15704856744534462,1.030195403152731,0.12736247565648562,1.0427016990925908,-1.2361003998671731,-1.7812967022611281,0.09926437122177112
-0.1586348370386883,0.18405783127156553,-0.06350867443826871,0.41405049450202025,-0.46951003168920863,1.3765762492517015,0.7960026564869055
-1.0356537528258116,0.9626575724868413,0.7314924079409346,-0.15812478797398133,0.8904294263709751,0.770885907793704,-0.2871435322032191
-1.674682944704357,0.2726452634321288,-0.8467440928840201,0.631162380027445,-0.9854787233707742,-0.9218199203109226,-1.9835731669015986
-0.4863079090733309,-0.5614830267828836,-1.0755722861430155,-0.5719839817000149,-1.4584630497803248,0.0311372756958066,-0.4845749104497223
-0.05378255081832049,0.6978168390000047,0.22429730718159427,-0.06394259491728316,-0.48779773274096117,0.581033745364637,2.2693666463280415
1.767929913579883,0.11061312257867771,0.600959284699897,-0.6901961725369953,1.017113346567222,-0.045332970027553765,1.9846657232715694
0.13027452147288585,0.001339846754486929,0.33253231309764075,2.672808460225185,0.4750056640994773,-0.22735534112201383,-0.7060640173572514
0.9827395110230576,1.4729535721895743,-0.8094537290973276,0.8854265361288325,2.708713257795064,1.2119909584907345,1.2811931423884964
-0.49929559853915206,-2.4508721285400865,0.6774848420913938,-3.3686656810425353,-0.23976940291892146,-0.31197668427979053,-2.8379307571322836
-1.1849437664170246,-1.4176841701595697,-0.7438609270956342,-1.8040151124570372,-1.0710783542295321,-3.0604223463231097,-2.7876242288597117
-0.9651167622323719,-1.18707042637437,-0.5215386447863833,-0.9774827720482223,-2.586770992430676,-1.5406417050004395,-1.6919860094274262
-0.7252260645357532,-0.3632606475688056,-0.9439535247220022,0.2633237275128166,-2.0860204167886285,-3.0041730340073336,-3.411500434565792
2.1284697324351645,-0.2546081697660301,1.3011583486520308,0.35620214930780997,2.295907829014246,3.4561584527843956,3.716668431099437
-0.8213866792243861,-1.5073256477730475,0.6334215410273492,-0.4990994534864517,-2.5876414855786765,-0.5949296753102953,-1.3520962527446276
0.838489203736345,-0.9851580323108263,0.6049933756788733,-1.413283571839774,0.15911327487322657,-0.458478190129722,0.6891530381488771
-0.9029271780870264,-0.8608416785235702,1.2472114211424503,-0.3310160657468393,-0.7826907862327854,-0.277572187358888,0.029099939349818138
0.9315730128742441,2.457424092075892,2.8126492482387233,1.0407313277086172,0.5329729580644658,0.09428277716309763,1.3261253662664758
0.38495096610586316,1.8017419477471466,-1.7092261039101555,0.7857157362287627,-0.05874531213526124,-2.185617461665668,-4.311640325209838
-0.1566378976580904,-0.4117494176846493,-0.7383765808771081,-1.238873520294286,-0.37450833171998454,0.39000097312289905,-0.2571663142466094
-0.040762526135434025,-0.3635832903067989,-0.6161750841745238,-1.4719838210375726,0.3409327381788466,2.0031773254846676,3.3079137003160124
-0.6547876954293904,-1.1492039971882941,-0.8508196223826928,0.1678303710511393,0.08963207637428416,0.2392227816901168,1.535650916154662
0.44607220148208054,-1.9081304132252668,-1.0775832476037126,-0.7997300213368204,0.3272906054311186,-0.6128633796913276,-2.7029470520154
-0.45498348034078,-0.11688018640852403,-0.2996530640553656,0.8854988245794811,-0.3630870981472675,-0.7811334695345137,-0.7182633172258164
-1.2256057637672482,-0.9978519832440257,-1.216603715289405,-0.7390114809060437,-2.1617199621699643,-2.683564100032277,-4.17433776502808
-1.2779375743196193,-0.08485053166200977,0.3350423675374132,0.7106242841687789,-2.2124103715842915,1.2719075000000055,3.0334120928939
0.17258791772211948,-1.6002058490434774,0.051698321428614635,-3.009449966896457,-0.9207976470761208,-0.5710546837628881,-1.5584296300851785
1.579091256410435,-0.7619744583102578,0.4810286647636553,0.268747440563354,1.5170539176490552,3.0965418651580454,2.432831637641145
0.15999161357343825,0.14862709530283086,0.5077284516382525,0.2930489643412383,0.527835893792225,1.9458373018322788,1.9905965986760878
-0.11863832610988256,0.3662095977839374,0.6030068534266765,0.9127530864206368,-2.074943970216342,-2.300656968819088,-4.369915665303647
0.2858261396025429,0.41747195874201454,-0.3734089368238823,0.7056514268673846,-0.39089310125358556,-1.0733678321542124,-1.7426058756586882
1.3060017417068248,-1.3204889841570373,2.1211434026336673,-2.017036562179376,1.8785579224361304,1.49141485055531,0.7259140415275035
0.21938250136385634,0.8546857301355617,0.23443111648209775,-0.8313849058853084,0.569217829538141,0.3216489514053246,0.815833108906893
-0.41092723083373717,-0.8002116966018503,-1.862484752624795,-1.3362192895324065,-2.054589697738985,-2.1396201637236696,-4.559155707367674
1.1062887100598888,0.6328579146073064,-1.0023757457662175,1.0585464546666112,3.539792629462812,3.9676728162813535,3.9077729192536577
0.4287564384616135,-0.010638676618193147,-1.7405029890278156,0.6817932474132048,0.3403528323304715,-2.0031809531232923,-0.5043631144981522
1.535755991995992,-1.3763874990779479,0.01733462915130733,-2.441524526662662,1.2387060476726393,0.7971351271908881,-1.560324923591212
0.18323443722190613,-0.31619770458118795,-0.12180522405333363,-1.2277335770415412,0.44826951982477703,0.7427097874758859,0.41579797584773215
-1.2244690317205003,0.3653637420637676,-0.4684256978994578,-0.4382519671311006,-1.3050062140347027,-0.8792487334824762,-1.0993561390227378
-1.368159199245665,0.612965380474599,2.010926112400514,0.12080793650337157,-1.7033343019990133,0.590454331570121,2.137589565511328
1.6509279322312496,-0.14098789744441861,0.5489828740769108,-1.4720213908592987,3.5086365220015807,0.874446922521809,0.16475087795420876
1.723665720783297,1.5317788906010528,0.7260983614463344,-0.22726423147131136,3.0389176584095874,1.9241801249837236,1.7442398420289575
-0.17951921328260065,1.007510770986559,-0.9310734879421032,-0.035976895038037915,1.0183842553981095,0.3924063485794172,1.1810900947504521
-0.38318732113598775,-0.25665411639975283,-0.9991448913310123,-0.11393637456680154,0.15308728158998786,-0.2229799716386045,-1.6325270344846499
1.4614442922422022,0.7501218121369445,0.03680549909695475,-0.5954993262866739,0.5306817781369617,0.8318271135138362,0.4866390567052256
-1.107045682043488,1.9337934851881868,0.17300713965222583,1.3925554084750198,0.9912281681783045,1.965925002900849,1.8274681288358843
-0.8947270189558264,1.960484600783027,-1.856311567114457,2.587730804752576,-0.9353755542292589,-0.6348656290997882,0.26707288581144717
0.6433267946890444,-1.2279998808224974,-0.18030702284953407,-2.259619644455058,0.4131811512422403,0.14543577738973398,0.0956577581291913
-0.3946051228595896,-0.9265331111571506,0.014072082873504806,-0.929141585113117,-2.3069829512574147,-2.2011759885675417,-1.9437617318560276
-0.005121866720071296,1.484918786733851,-0.21514916577112894,2.1829933874031764,-1.525593299337134,-1.4199147421909295,-1.131181704856484
-0.16344289852451258,-1.0582810508376372,-0.8133904123466764,-1.2437276100171664,-0.19430248685638418,-0.8113693266577275,-1.1739247195800422
0.33757454879893356,-1.322541133291679,-0.53953518192114,-1.6052517748259285,-0.9782988063919236,-0.5224004443260251,0.3582356290460329
1.4074818613137168,-0.4861941306990469,-0.17685919357279603,0.7842643923612171,-0.9348262976990058,-1.0086572954790811,-1.2492106529067442
0.09058490690174555,0.42022670947458574,0.09080002361004777,0.02157475441862905,0.7664977202676992,-0.5345132104256574,-0.3308773230016113
0.6439387932768579,-0.10239670661109637,0.604791582550568,1.0246255940489126,2.6444686738877716,0.3767829953105122,0.6815485572671717
-2.0501721010310225,-0.6505636204055921,1.0808562049508712,-0.0784742327891631,-0.6217867364588852,-1.260850943392489,-1.535862686425165
-0.04871840193011795,-0.674212461724509,-0.2943477235272498,-0.8687303730549538,-0.5356772565484533,-0.6585010578082677,-2.622951058675635
-0.8432302702928711,-0.7123370644127087,-0.45615619611535785,-0.07593237964438243,-0.9740830010023002,-2.190819634112862,-0.7689702637979148
-1.218813060423628,-0.8795096286589426,0.43765567353430623,-0.36556799650793737,-0.480489475815273,-0.9453994306829951,-1.9692133077768537
-0.8781523669287508,2.2816328772760617,0.6108449164108543,2.8005564652778023,1.1567069676535153,0.505340110774509,2.586117745542544
-0.33412344070081207,0.2975110711855549,-0.4342004332588856,-0.31628690234028567,-0.530094237320461,-1.8436639848061502,-2.5154235292146594
0.9159025423560131,0.8867590544047386,0.7903934769661722,0.7328781292173158,1.1413785966159642,1.3834165126949076,1.0952776309802315
-1.326392717739564,-0.4890774681189237,0.9795853411559731,-0.4429961047373979,-1.0245239715105077,0.886530187942662,1.6746769469089182
0.030631492594417446,-0.18595667718604886,1.291686465658673,0.5591019334346666,0.5154408818208579,0.4833669857523648,1.6878118256418044
-0.4841694333335785,-0.713553981370355,1.7783209067198225,-1.5817512999130527,-0.8040477424911043,0.30371017043529114,-0.25197872782717423
-0.32767309436196085,-2.651708334919202,-0.8664161386594389,-1.0513554529991216,-1.3332587543853707,-0.5997146753031916,-0.29126444528232565
1.0027578253046041,-1.3780092768478662,0.01389820933251119,-0.6085184637709191,1.7699283908726406,0.09108956844416627,-0.335143903735222
0.5381154370039261,-1.8106186799803947,0.011277696618660139,-2.729207644017654,1.043964594643164,-0.3059576721043021,-1.3965125428929719
1.3373981074427437,-2.2497837779516074,-0.0980735685325076,-0.5465685213217535,0.8535226046282127,1.5197780377788315,0.6906064724696971
-0.15450567924990047,-1.1953589742981028,-0.6492629196101362,1.301713080845211,1.1663134880711792,1.0064857981865334,2.3797476280746896
-0.695942611670703,1.3249556793816308,-1.4855620032310715,2.03529939946708,-0.528181346596358,-0.5571800456277058,-0.4268845713474658
-0.22385881688049952,-0.04443616770435442,0.0926794460290038,1.3923245564170728,1.4126636192468218,1.6188045065931451,3.5602424491343543
0.2424967912712216,1.290563762321174,-0.7683556595479125,1.0920111162131039,1.2051849687539242,-1.9113259983478028,-1.5922779839463876
0.17657335845371103,0.4109825769008753,0.085993480747625,-1.3409385097558273,3.5684888459846245,3.012971485549716,2.268923022981547
-1.0843880722333665,0.7825588257151592,-0.7940435416988534,-1.2337245671097006,-1.862003960625201,-0.9381466615508873,-0.7852203878355
0.09048978162787422,-0.9008969953045751,-1.0996583458443414,-0.44761761246981013,-0.9259330905576922,-0.0876766811687184,-0.2383867940477208
0.22822833013890514,0.5239509541926708,0.2342983603768977,-0.18329706345969676,0.80073930938883,0.8927594517750127,0.4832099214958397
2.5174740375339204,0.7287142340743459,0.15092152680649595,-0.3461791757493615,2.8424864475595237,1.4216150727019692,1.4704931491115438
1.8768446112816701,-0.5766472922336929,0.579281971320933,-0.5125315719109559,3.381167243708279,1.6053708695256494,2.4104144857613443
-0.8532433505588201,0.5595403706161663,2.1858637664176253,1.052026776941898,-1.2148572685700492,1.1756941412086108,0.7719932076996723
-0.2873833615491761,0.5661877585748329,0.2772895312108468,-1.0111310950737775,0.8530607096472926,0.24404891978745463,-0.3714177197540492
-1.4634420018370031,-0.5495526211300829,0.4850817670641296,-0.8775286647618494,-0.30307495431172593,1.032243066204596,0.40268799282134404
-0.5907070139634865,-1.122768432270995,-1.0775613288673254,0.6341113059489392,-0.2022362212224339,-2.3455509680000373,-1.120901254969588
0.3156050035903405,-1.1841283318982723,-1.2869074405363745,-1.998908479102027,-1.1008649049651191,-1.8348476821611337,-2.6247557138284185
1.2058536208882336,0.08650554192146179,1.5828294467733337,0.9372355098636965,2.4871283950994725,4.145385283270876,6.223279647892497
-0.7290838377436085,0.3270098687893148,-0.9234797799333037,-0.22966306389332836,0.7094754465547345,-0.8793739761814101,-1.167892391944607
-0.6541464400677965,-0.7925258304579145,-1.043944071468642,-0.07237638790722056,-0.24690692372887557,-0.9970371630520303,-1.2810890840525864
-2.147289029738655,0.02658534132609864,-0.03909892121655298,1.1180640734372242,-1.6544888991995412,-1.6513422691441328,-1.505160454209794
-0.16266592054490767,0.5705370361384854,-0.09019241337738836,1.1863006551730402,0.2842766218187715,0.4078508564102903,-0.44837742014287096
-1.062414411859563,0.6181907146653008,-0.9025065064432917,1.3913483596528111,-0.7866695804243423,-1.6498202353279898,-2.11089374450475
-0.5294394273660737,1.5518801201224885,-0.3049732187131,0.05887296028758504,0.7233308744870286,-0.049195436890009214,-0.6199303986807299
-0.8768607781675882,1.2769808321980434,1.2293757176501043,2.1097047558557724,-0.28479073279150907,1.4829236512219561,3.3081299883427446
-0.09426255425255699,-1.001291432756544,-0.8059936088317976,-1.6337004321849244,-1.2809853990171562,-1.7749228858482509,-2.3985496610932335
-1.7577283913566313,1.6835862095380225,-1.3936724843661716,1.5727390090111961,-1.9885601719695534,-0.9703178984281046,-0.9392667521553916
-1.4670452453909906,-0.5309765045557148,0.9425936208997923,-0.1559154865562306,-2.214207393736954,0.4102440333365983,1.350302155489624
2.129247112028298,1.0448728124544275,0.4922969119380367,1.3001233525840346,2.440282714373121,2.4583074015887814,4.673258182544641
-1.287422581274031,0.06798662605108885,-0.6205186206486616,0.3899862443800398,-1.1232181630257334,-0.74962872324571,0.5585568978070432
-1.0967855784546396,-0.4121493784569676,-1.582167016126918,-1.1652864937211578,-0.883111942426726,1.86291515288607,0.23576577744968652
1.836913528321314,-1.8076968597749328,-0.7446233564385631,-2.759870962920164,1.4662340022644278,1.2526725165691652,-0.2782089351582318
2.905067169240407,-0.1715645102163482,-0.05470443684927131,0.738528361993017,1.8400399327465533,1.1189788432962273,3.5496123222384606
-1.1715666288253417,-1.559383235305609,1.165672089883819,-1.0304843460194595,-0.09938693108966246,-0.19793183734411546,-0.5383488472656673
-0.36824895678803055,0.9672992358427723,-1.036581974869657,1.90387024491518,-0.24953268690809066,-0.8520296594019691,-0.2892228072088264
0.34155555094050954,1.516792657139248,-0.08451988151147344,1.1383653383807455,0.394603774535471,1.5514963489038824,2.6951388829374348
1.7286976444055924,-0.7969109892966902,0.675144659894898,-2.026754932328379,1.7074343417114761,2.8964697585312695,3.054242015663718
-0.9868570784282374,0.30197074251927114,-2.3812673401219207,1.2016668601691376,-2.5893861007258945,-1.1632803957620144,-1.2648750093098795
-0.24527784594210975,-0.7253915220079754,1.0337861679388998,-0.9361759968273279,-1.2578132083953462,0.8601237870738316,0.5849132819903697
0.777337576061744,-0.6284847301367896,-1.1824505722064373,-0.14821463208567476,1.437386834317674,-1.34195548562061,-0.28413693931892225
0.43476607446661863,0.7744947038653713,0.3319954934569346,-0.04335355946452957,-1.0881022979232724,0.20335298970349697,-0.9332913064246883
-0.37615607123009925,-0.03853826184341251,0.24668314961074406,1.6142418659958289,0.7768300233177752,-0.7388853148013376,-0.0295941722208106
-0.13382296451604114,1.7396480419310116,1.084586391463845,0.4803606485229921,2.003587401906033,0.08658670018454018,-0.8447059284012917
-1.3748958083699818,-0.482232478702921,0.5509243808935403,-0.7135710874944531,-1.734396058651655,-0.19974642566201115,-1.6549166955031938
-0.23817374397466523,0.9993363324744892,-2.377290491729981,0.8869310420274179,0.4343693265344225,-0.7552544606623478,-0.9150689645412045
-0.2663874900089551,0.09741341295778198,-0.7847792471559913,-1.0161998649798882,0.9214246630784593,0.8314550636293967,0.7787764314122934
0.23216988962625595,0.7957780097442332,0.13820512935328008,0.951226376188097,0.013720919341804583,0.5889978342889397,0.6649547846628743
-0.555327218819016,-0.4471576573299467,-0.19497988611978695,1.2631275047501318,0.22813566008815622,0.5133595033881507,0.29995850177865857
0.471538522545139,-0.04955883755158271,0.47761072975677044,-0.529118053983945,-0.27825587365945464,-0.8137490756899333,-0.871452832348907
1.0127158178198286,-0.11549887929893475,0.7893665556697054,0.30505369317855635,0.3630358604154443,0.5477967170175009,-0.3746856370567968
0.15542932766846604,-0.8360571148457872,0.6084517364296791,-3.4015599356182693,-0.9567329394494337,-1.560406531800332,-2.464839816459354
0.35175640839920347,0.6620815345817527,-0.21427494255446522,0.4774943964889264,0.8804038116057238,-1.7400378785613884,-0.23579754152164645
0.053155347577867364,0.6502490055783642,-1.8463370111204804,0.19415193842491868,1.4318013569107215,0.24022437355820092,0.23460015512895308
8.439309141418043e-05,0.5935546949055667,-0.4554812488548173,-0.3555249403840429,0.023704633089314364,-1.024855683190754,-1.308629531930864
-0.7215580335428474,1.5369656539176446,0.4163681481389552,2.280283679684295,-1.3610666702235048,0.5181667523886285,1.7420548708406707
0.316494261673308,1.4493448012363035,-1.0904472525504776,0.8042452633404886,-0.3000861341983315,0.29723152090949334,-1.3650743871317759
-0.09728659841348947,-0.37494468984913537,0.6312747301215763,-0.46993434517591304,0.17872943930360718,-0.14749874426119713,0.18492459821555784
2.093168308930595,0.37305231843417824,0.9083932972673044,-0.08621206641041212,3.7957411536158494,2.8615984579881597,5.998213061278352
1.5733549024752425,-0.6236006892582127,0.12686697629584257,-2.4032244093864823,1.544283523227484,0.11242838214214868,-0.846968184436928
0.3858465525565008,0.023355316114555456,-3.063779866312396,-1.1137692935076078,-0.043035689287002576,-3.7647884519196606,-4.049139038377541
-0.7630572096947675,-0.5997494491188647,-1.2780883627118034,0.4932889158075018,-0.1075881127757663,-0.7175200311879545,0.18923016763179168
-1.112411471983418,1.620070309136051,1.8861891585560817,-0.8462958057538519,-0.6402720080147022,0.4104409949823939,1.5185221056995877
1.191142953088865,0.3636981503429628,-0.546537793028378,-0.48263079234819456,0.7853035044431431,-0.4255558652653117,0.526518232929224
0.2627492251471385,-0.21802912810442213,-1.984143223128996,-0.5697827762112131,-0.8061774746538009,0.3823944559113377,-2.0108292290877
0.4801434033916108,1.193618571856377,1.2352473883102724,2.6746443533395396,2.2439401053467893,0.2497694454257524,2.008200136285608
-1.7445859869741926,-2.1706154097954116,0.013355591543672855,-0.924476254144052,-4.816713119591605,-1.7763693016876743,0.2955857270835498
0.9274384815581808,-2.0141025948652898,1.1049404889577255,-2.1281705510480258,0.8997947710320352,0.09516351297345416,-0.08360322052331015
0.45442033821436295,0.7958386552197739,0.2769586752193653,1.9252678481869747,0.21014428577587974,1.1745407165024768,0.8246607717638204
-1.110430684414478,0.06046844811736806,0.4585591362121688,-0.6933504309695726,-1.3552514700511298,-0.027125260896397996,-0.1858935425058345
-0.47152480744994896,0.25044630026076065,0.3630092477145166,1.2044479179373988,1.3697447787276231,1.2207952331910443,0.31126669527119244
0.2637172043565196,-1.3263961033185487,0.697488311921,-2.3934662065114836,-0.9489357605713713,-0.939467956468357,-0.6358087424803027
0.05246679835624363,-0.023233710850366202,2.2774304485560983,1.0551355373258715,-0.6425548382561064,0.3572692876012098,-0.16309318572236398
-0.292171185803555,2.003509410401342,0.9710063359591881,1.1566036946420613,0.31664512307184645,1.6717647410229137,2.088342178384957
-0.10348826806596086,0.8241996197958629,-1.580339317845535,-0.38562853750049664,0.6122824595234042,1.066514451448863,-0.04519530811819361
-0.25197737820688537,0.1697065451428121,0.4466615152789034,-0.0847725078649206,-0.6016788105328754,0.4864824919573133,-0.16322857757650056
0.15256251210246857,-0.43905391010493766,1.1414807681032177,-0.0651178701616365,-1.594798413543466,-0.9073619306419975,0.6341364927672544
1.471491972993157,-0.39457285186939384,1.202700806536146,-0.8025152549838394,0.2763993374679934,1.2089927243750758,1.0740327954085773
-2.5666584409312976,-2.1291978892000176,-0.42660498305909955,-1.10682084758069,-1.6968782483657159,1.3993817430763955,-0.06737601444543762
-0.23685026450968424,0.2576404209211606,1.1649444451881277,-0.3820343553455622,-0.041108793665507654,0.8061894095860723,-0.5905371271565262
0.17651242137244696,0.8454831084818539,0.9277423995512052,1.279849218547204,0.9005721782664997,2.442298627335272,0.9729180157760824
0.2959939896870995,-1.5756193271706151,2.57251743696973,-0.7867610131564804,-0.5553732006549762,0.6047135047877814,-0.9887250910680135
-0.37191458132128985,-0.661416892306816,-0.7500017362485115,-0.5768282307072515,-1.2145592942301775,-1.0536388105140437,-1.1643098871095687
-1.7567217824785826,-1.157464632233422,-0.5074005764004252,-1.344204725508019,-0.25589112216265364,0.1898258437840848,0.3503899397511987
0.32799548371410964,-0.9653511948087635,-0.3061190484599539,-0.6014331361855695,-0.24070870440287245,0.09921558123640006,-0.6840578375493096
1.727350214164185,0.05348162682190022,-0.4902221500387753,0.5919694119547814,1.0781433761833792,-0.5851618938526808,1.5054454144179212
-1.5338614049161376,-2.0844021549884744,-0.890020749763603,0.4359654718405983,-0.9678578101676665,-1.7968663365594835,-2.400522944976187
0.8638280136981883,0.614270438357064,-2.762675505673743,1.4185513637166909,0.2441646664750109,-0.6147003105013074,-0.0874082834671536
-0.3285252231228939,0.7538550699336822,-0.4346994737231341,1.5639969043641133,-0.6166950134141256,0.6445243829054454,0.14964134563540488
-0.0613243458288473,-0.2511025880369125,0.36935805969990443,2.892652176191492,-0.1309914026671185,1.6821994239356575,3.791075469632609
-1.052898510703949,-2.4807085099845416,-0.4932218455059107,-1.4189941610200982,-1.7839995787188456,0.6953331286157225,1.997126128027034
-0.33445617235587666,-0.9964186260023896,1.9353811835291097,-0.29256301697016157,-0.3801120411472346,1.163505351594389,-0.8490383836568496
1.3000445946989585,1.2329019341026966,0.013375812715862578,1.6656785829217573,3.6542235637195257,1.341494363326028,1.7866752772257282
0.582655241987707,-2.7779942807285725,1.2910290551841355,-3.1758015165565396,-0.12913969137332476,2.0933160918746365,1.9217143418325369
1.732311605409944,-0.34752341219351923,0.26142041272996835,-0.7149698979297012,-0.9925760603118807,0.4284907106038207,-1.1306857079705268
1.1774118889776937,-1.180000778467259,0.826407309893258,-1.426569873896796,0.9376470143786138,-0.048141570063395256,0.06155074660360671
0.4390866789295762,0.8045703015848366,0.27924155393356226,1.2751788124557342,0.7014850107130228,-0.5448376472592424,1.3201813458732858
1.743934526167792,-0.6751139521434614,1.3687846319035628,-0.7007634448930985,1.3243831788672256,1.9365491036267695,1.8046026878275137
0.43899315873829875,0.40395402073561154,0.05593935013240072,0.45330756164807984,0.7692552647559546,0.20357260473826838,0.9915769554913754
0.8279881767970589,0.5654604191690931,0.4961207080887857,1.5285137471003571,0.8895825728478244,0.6814770420558706,3.1595754094763384
-0.29657095353470836,1.83622583973002,0.3663329336500437,2.2954068936935546,0.3320502212749216,1.4490823831469366,4.244543910756514
0.06654581585920483,-0.20294194367537022,-0.2882854581273188,-0.32001571910803583,0.5999093892819147,0.8502593861229597,0.5998182129051107
-0.6974238233002769,0.37604436962261134,0.4049823189246768,-0.37668048857258557,-1.0172239940978278,1.1232114888077087,0.25957112817668815
0.989583934594853,-1.485055479127436,2.234386246197682,-0.02306854206621156,-0.6065177302362561,-0.8191496123371189,-1.5630628121383572
-1.1783036231148656,1.190413563293744,-0.270396942095442,1.7024137602789862,2.4153020476652687,1.1726377345713976,2.6463756894951436
0.7823503424176613,-0.7605088480713647,0.4194648928532483,-2.1994537197910464,-0.3013907427028457,0.8191309217499402,-1.454043355559378
-0.19065105750515945,-0.5607541640877456,1.2577789508694428,-0.7505421868967224,-0.26198746500012327,-0.8646572663986849,-1.4042230735832408
1.1712470934673194,-0.022247794849210738,1.1402532809442802,0.14816218203437803,-0.4844620077560233,-0.16594651061472887,0.16433137650830215
0.7508689887312598,-1.5628843453398495,0.011716417719365251,-0.44022007224405135,0.22271491437867075,-0.7329992718725107,-1.2763734980900678
1.8206461576468016,0.228770028928938,-2.3833887029573617,1.0885421175043428,0.7308061165885106,-1.1271400723088183,-0.0636628912071256
0.7307746911386448,0.9674662729250108,0.5167028186484662,1.038529694056982,0.5319142339643639,2.187571121540077,5.140522939617556
-1.5720402556532407,0.2929338234972916,-2.2194742586230527,0.8137359136867435,-0.22008351842314355,0.5474777810281932,0.5330969556600558
-0.06695317289820084,-1.588897564178725,1.469937230941231,-1.1752032976812519,-0.14235383950591474,0.03301430233261937,-0.918743656737758
-1.172007192594816,-0.12380929432965958,0.16947387119326057,-0.7704229377576951,-0.4945699859980517,0.40907455693427247,0.9121283640575912
-0.5182798423662747,0.7420289029794906,0.999674019871989,0.3175181532827487,-1.9623981852077002,0.2955165611194832,0.5835704723906076
1.5112284332767216,-1.8779887659659078,-0.9021111381810512,-1.4458400508132998,2.494367838691693,0.9507823932537579,1.8983118714136262
0.637533810897696,-1.074766013817714,-1.5525074733000543,-0.8729967407964068,-1.0133950002970795,-1.0196027488404853,-1.0760521397276872
-0.6989304285787463,0.87654360408152,0.2607543841411672,-1.2018688932598849,1.2272816028588875,1.0176869419053511,0.09036106818395578
-1.013717366440399,0.27009543419728654,-0.03360343995614198,-0.1868088962555477,0.23414315914738937,1.7721004096499369,-0.3477825901472513
0.03278209287626079,0.41197158212675383,-0.4915408261571657,0.3775434871480199,0.7500432163313908,1.1352306494997408,-0.3973648182294187
-1.2165601493811278,1.8594948076233115,0.08466128073276377,1.169035958040482,-1.2625689282018038,-1.5758199212347654,-2.956678574637574
-0.6711402773965811,0.4685527785062026,2.76743589203226,0.11864737172325229,-0.2683087240383318,2.390792408123301,2.5665462396183525
0.31200947155124387,0.6578880104331793,0.8345255473690577,1.0011440189424672,0.030787633256335045,1.4236336488456187,0.4327829730058885
1.1553120361066962,2.710745527218326,1.049498605863319,1.0354243241816605,1.9829219774445315,1.8579713126370856,3.578913710763857
0.6087614722244398,-0.2138045580904907,0.8439368915533556,-1.794809769261794,0.20491862641803105,1.746878625153924,0.9622144768557088
-2.2912895085981,-0.7978827636184951,1.4794621438521929,-0.970518346459101,-4.311291346319228,-0.8347405423562559,-1.7356861485881534
0.3043667290302598,0.4277963982471327,-0.1900716729007449,1.0977955961345531,1.5363119446274105,0.7739636589601236,0.38755090874036857
0.07203357323257792,0.4389910293888949,-2.0547613076752937,2.0299660424099764,0.13520891244909483,-1.0918674554795462,0.48907177743075325
0.41389028537269307,-0.5267153919462082,-0.1885861330060098,0.37129023337669764,-0.3090662384091669,-2.27424729554752,-2.706087266951175
1.6162096816512073,-1.0323970195548475,0.8117357099965018,-2.2735334351216285,0.484436233362586,0.6408740513051208,-1.1568772548437618
-2.063238276804743,2.309844422090078,-0.9698003951150737,1.5693114098534897,-0.6281121767218308,-1.55217729895074,0.1514079628335443
-0.5911034251911056,0.3268434703880229,-0.17636595048933035,0.5115722879841873,-1.2936211035749259,-1.8779243641046588,-1.2487158592839536
0.5909063227933546,-0.7322853814020757,-0.6917697430023131,-0.3935914805700268,-1.9973869411345513,0.10629692056754036,-0.2284998068024351
-1.5815943994539423,0.9159303022795986,1.5020292518431304,1.253730188720961,-0.6482817185187941,1.1437388813437415,2.0386068536043966
1.475949048053509,-0.1091451515613345,0.7494570154065637,-1.0021821646786016,1.7649778667169072,1.2290723086301298,0.912904165571877
0.3683566127006584,-0.25288144631783127,0.651540620643959,-0.13230444057716578,0.03232992216069891,-0.14629970133085723,0.23794987841689072
0.846583985843404,0.5622728719144933,0.6216013131209713,0.8588956698694338,-0.21457930233617484,0.5850017127124637,0.2065847466506353
-0.5709436615217945,-1.29188226823169,-0.037249252552126945,-0.18199721591705864,-0.8599442385157674,0.5813666494030991,2.458588114013336
0.8137636899662105,0.3526272039171724,0.1975562825275035,-0.5306689475573976,-0.6331384366719752,-0.9893932448822775,-1.6221540531708167
1.0684715559890383,1.9129548077317522,-1.1851845805323176,1.1469478827878687,0.5718738397289171,-0.4822995843286342,1.7395666054017058
0.23287802013716835,0.46617766219731077,-2.1864419787505676,-2.3401991035594376,-0.38493187721576594,-0.6607468727212741,-1.7793749128479877
0.23440089269869593,-0.3762121037834645,0.15008113034502407,-0.9149074085288764,0.9161936112152089,-1.430663703223371,-0.8863581979593594
0.2703432392817259,-0.507105280428242,0.3239902562721444,-0.9199570117050718,-0.3048991804117003,0.006099565298060355,0.379459200826776
-0.8633452647393817,-0.41033997334510935,1.2092645684253776,-1.3396496873766284,-1.3425957827705108,-0.28371544037053437,0.19471214561737882
-0.14752868024035293,-0.25396267804778105,1.5713358160823676,-0.03247873864461753,1.7374556262854157,1.6222533800444712,0.6349273502287821
-0.1525225324523588,-0.377806532758272,1.5699984849989468,-0.3506345275967204,0.08753560748976658,0.511161527697839,1.380414845952456
0.3833938643534951,0.9163114410745667,-0.9980235932938778,-1.5444909535394493,0.9932561768384651,-0.03418474305759936,1.2003581322118642
0.9998242469102946,-1.7332091032089831,-0.3522650349497693,-1.1363951312012504,-0.10647683651996259,1.657308322319878,0.9239310061974302
-1.0585360819784093,0.862000050412134,0.48033429588137955,-0.2559640914675628,-1.215598041313747,-0.573134329073282,-0.745983108884275
-0.12500903031957764,-0.3796865251425611,2.5319046777421774,0.18953346957931744,-2.4280545801950795,0.7688673482064707,0.2568482093294251
1.4814555476589732,0.37694778569537224,1.480099203713916,-0.987831974886275,2.3895385833802454,3.987700287232851,3.12994648693602
-0.7435882288125641,-1.1269879102008638,1.1193971619983802,-0.8490440314257336,-0.593057821880854,-0.1228653577799439,1.1354026129384438
-0.8222500172903203,1.328631066849436,-0.3877879555492906,0.7531689032560542,-0.42950263485868945,1.3809706308019987,0.4970382866680163
0.20230619183119358,1.245634960171873,-0.8831996311551246,1.2746971538843914,0.47475192111703823,-0.32862240018640276,-0.673318072915783
0.8443851904853201,0.9595905257500736,0.7889078833832395,0.8731778877364044,1.8066160619958094,3.083996341460649,4.964254100462526
0.01142605556065933,-1.5147547757935393,-1.10066126423436,-1.436672900140415,-2.0749335762698182,-0.8659289682004024,-0.7970494743755047
1.3289605904369892,0.8291210710660528,-0.23843635098030264,-0.8895578786127235,0.8565067569994936,0.5447058656244061,2.417201693026559
0.8567939825665268,0.4048550876357089,-0.11477794900192263,-1.1614209951051786,-0.24919281738715404,-0.2489297780919979,-1.0699711416129896
0.8418200668900618,-1.6052712471325676,1.592912089122808,-1.835998511855622,1.9420478041847014,1.237485567260046,0.597099963387203
0.5541165013240933,-0.02429738377081549,-0.35469730295967755,-0.02723184327082305,1.3492328036854764,0.46303398378781707,-0.1697298862834563
2.327653100346085,0.3645344890332625,-2.4392496385726155,-0.32391104575317226,-0.05004737267262849,-0.6374946345976803,-0.28625568815701985
-0.2051616888660442,0.5560752738231508,0.5044446476624683,1.058950644161523,-1.4976259501153313,-0.3742874269978393,-1.6935062469554252
-2.003522292066514,0.17726136694885572,-0.6990218531039264,-0.1409570529915762,-1.813368589023254,-1.5660322190467566,-1.0925248378135002
1.604254361517141,0.2912314168473797,0.042631024437746814,-0.7378522196385541,1.0251920783440707,0.2369851362284619,0.4351468727374578
-0.45769943095682564,1.4736113922530956,-0.08670470084212364,0.8713205929695051,-1.2068167257207432,0.3956521724866022,0.6255687868991211
0.10788044434303304,1.2260339099106798,-0.2737039958177683,1.1821662860468827,2.467730092697666,2.165943519406789,2.146319109213403
1.309550684860527,-2.8670549537827434,0.7903405817847039,-1.9114181451259553,0.4483797759872775,0.02463154613242091,-1.5235148628372404
-1.6022595410589253,-0.317438554837682,-1.5328648783527072,1.6307770592197373,-1.0302529720513622,-2.082577919449281,-0.7161441579282434
-1.2516472141061394,-0.16465102754395128,-0.5170142249543602,-0.7973371414877014,-1.838575885144938,-0.7685490481198132,-2.391409709128342
-1.6012779371188537,-1.7520985727269711,0.6840379131173813,-1.440115548317438,-1.28407215856984,1.3738030995336032,0.962116977013545
-0.7941362900254239,0.09418305823231217,-0.6140847753443682,0.4995867322406299,-1.0383672629228213,0.29799247928378203,2.4631689777035404
0.43963660601699356,1.2487577724105066,-1.6088067092699718,0.9506081032793798,0.5362058938709623,-2.008019719685361,0.08397739252925485
0.524187842812771,-1.0865678595905903,0.6685553432567358,-1.3481410764693136,0.6867466322156639,0.45946432732436293,-1.5893823615751403
0.27627417932855375,0.3364009386898723,1.123094630441539,-1.2868644441661432,-1.2708987005030026,-0.8061892990421092,-1.8039301761311939
-1.4127658838923665,-0.9158234772964378,-0.04499520764300634,-1.225176871344237,0.047383323810870515,-0.27408705493903046,-0.5439358401219901
-2.310103436632644,-0.6719120236796768,-1.9608455984695325,-1.597793791187949,-2.0625699834344116,-0.5394707675612411,-1.5593545128193664
0.054353585390382264,1.477393634170035,0.7059697466988162,-0.574239646471151,1.845319600029569,-0.15450558581644502,-1.7829529949735603
-0.47177603363833576,-0.542557820111825,-1.659887881419688,-1.2188739413578098,-1.675760142923309,-3.402087844075886,-3.3640724226739245
0.45938577171661177,0.46221248901062467,0.3087992768481657,-0.6865659793381673,-0.36172513148102214,-0.7998749109541996,-0.9894037830959574
0.7019536262212701,-1.871218116060987,-0.8874638247421598,-0.8757635852346218,-1.2061269074086527,-0.80567407709804,0.8797241466604824
0.13824143205868192,1.8623175613948801,-1.1598392857669653,2.0536995353023,1.0223788650441001,0.3617249527350834,0.9842376897737986
0.7601330853758538,0.602652446306499,-0.4419100170796902,-0.4338103814618056,0.9382274424025134,0.5856665733532563,1.624952135615404
0.22921137411506842,-0.18249984265026167,-0.18329755642725984,-0.4025785078303252,-0.3288728686786626,0.9140481273407172,-0.5603349244351895
0.5300647056014667,0.5755465099998948,-0.6442082503864482,-1.4093163843126175,-0.3514716205120403,-2.3206569387039453,-3.7233178844174124
-0.7046732628698824,-1.4098194289478103,0.5887032782151507,-1.5939991047619861,-2.373098808559374,0.4854381070006122,0.39609226009932064
-0.17961141383145854,1.1825307417526572,-0.44606937845883377,1.3213558792694182,0.20913992910940504,-0.49454536659153614,1.1686371339650061
0.19677609665695725,-0.3239847754964302,0.980190871671822,0.5722297647268872,-0.40778624692079785,1.1557088391270383,0.3890561857117193
0.8205284754174188,-0.2040695150484347,0.28117316564347944,-0.8722213034290929,-0.043171549012060106,-1.1685252611196741,-1.3310375450276306
-0.3937411722245721,-0.49165561496548443,-0.697557206596308,0.6683634808544419,1.0324552010583123,0.037076069395599744,-1.1108884846129545
0.5211672557321126,-0.5806514027455847,-0.8659398838322859,-1.9686000156550278,0.1678618433332495,-0.22507412788704145,-1.1692850287269154
-0.265838791915379,0.6946706116284086,-1.6474962990474387,-0.7057847220736337,1.2818978990304886,0.711157386652726,1.1602526817704994
-0.11754216732813036,0.25590685010422287,0.2907331778668224,0.90926920871917,-0.545946470721692,-1.6506759641550968,-1.5943818678037986
0.829519042024073,0.6517481414030399,-0.3545875472513581,2.1794847788576184,1.1945696998506643,0.348464634171861,1.1200533342079335
-1.993060371054156,-0.008794689485571452,-2.3721955280635143,0.4865721303849496,-1.7925166803934005,-3.3626290247185517,-4.306912223455817
-1.296472328074761,0.513199811077181,-0.5357148727694001,0.35995346610618884,-2.6459333010661514,-1.017317162388521,-1.6082247868703081
-1.4821853974428207,-0.41884874392503835,-0.901034029254952,-2.5218857667837384,-0.007760049885104703,0.21508341586975877,0.68104351158864
-2.3336161198483047,2.2297318414095484,1.5756775921706603,-0.2832562197440316,-1.384993486807099,1.6408432805907025,1.173738872596273
-0.6782644401551767,-1.5679304164304986,-1.7027786118933097,-1.09357618791992,-0.39244748905271765,-1.7673535637559494,-3.20435871896937
0.7494338997277404,1.2609373235629844,-1.4413507997340538,0.6254684428079533,0.34130683354861935,0.18717706495055575,0.2256805578580514
-0.28488406638257474,1.3679074507209708,1.1099696431056998,-0.03886737058976064,0.06607408841973508,2.078816105991468,0.2821234594221711
0.19779008194185213,-0.8521588059655938,1.3567631574639631,-0.5991512878231124,-0.9930305707219012,-1.2489175690526653,-2.4075753744706887
1.0892174967107926,2.2292736105559734,-0.7449829387256415,1.853964783741469,2.9638634685963736,1.484194058956921,3.6794433454576243
1.3276861322676916,0.9954902829453182,-0.6320858228089109,1.7208982892376208,1.8149178815544285,1.383331090338074,2.0566009511947803
-0.06913793472613955,0.9711390068229115,0.6162353965533128,0.8940907083345717,0.6468021758571658,0.4144005386113412,2.651593750079221
1.3535858895693973,0.028022187025876687,-2.32709979694531,1.2502516742145684,2.5456116364894115,-1.5080502152109656,-0.7842601530859679
0.09212665843410921,-0.21722615821867644,-1.8611936845055561,-0.16144237386175425,1.1604623343601612,0.31122372217829086,0.19601561027019446
-0.8373982238274621,-0.20940882703960811,-0.28073340085071186,-0.27867387989823045,-0.03648700805746952,-1.3899826897110594,-0.8804812803429712
-0.5944003521987352,0.3905305963195172,1.549890566129126,1.3689260513764057,-1.8021699447385313,-0.028395758643183278,-2.187629481451543
-1.4805365125650163,1.4011862750338961,-0.4357300881667396,0.11448441448500446,-1.493330689186384,-0.9822755226005805,-0.8518183607698653
-0.8881338537336524,0.1813142178614196,0.10093679173515462,2.9558725431980686,-1.7131046125081335,0.0072217869511351784,1.1132975663933988
-0.35801668807442916,-0.9114436231372903,1.133789272564012,-0.3356685478803506,0.09705390690299431,0.11999204758350224,1.406751852729578
0.8035850193786016,0.8244270623849798,2.106884733278146,1.0238823614979573,1.1583203804441777,1.1429290170044752,2.5723388479411193
1.7207698311659838,0.9211507463947922,-0.5768484731483126,1.2435935561605356,0.42896008072198843,-0.06569853826394806,-0.43634601893166414
-1.38218151537704,0.6546595284477861,-0.016836723733426057,2.3877709075209155,-1.1621112964325273,0.4730016255103877,2.52908802358722
0.39282746825991893,0.7454989065249826,1.8220552213428425,1.373996558762093,-0.8914278210489051,3.015981718413702,3.184434563685237
-1.0405439391575344,-0.2709281301578081,-1.5221992751914284,-1.816379920527014,-1.0532545606920476,-2.9252093027088817,-4.5412119557324
0.47469708846320197,-0.9289891671305796,1.0275810705538218,0.6788588344056522,-1.567532245519902,0.24705277104599177,0.7804822482386213
-0.1310866506877266,-0.8681934306407798,-1.0183155323612583,-1.0180874553448256,0.11091440656201779,-1.667979173345364,-2.2088088572626865
-1.8309058258475304,-1.635463248457858,0.10247236710315673,-1.1685062609578059,-1.7873375794135282,0.2780422000746121,1.0565691105258777
0.9282969915684843,0.23694861154594976,-0.24261904740027426,-1.0944340551694256,2.7984988900525454,0.17035614382624253,0.14912520743066549
-0.605000712808731,-0.08344878322659362,-0.9580116007012293,0.46111196720715264,0.2923155952244386,-1.1370733927660885,-0.732191281152516
-0.5339002383735546,-0.43998770452970876,-0.9831019276582751,-0.9945646996007251,-1.0414031597928934,-1.6674254761189289,-1.147128461752038
-1.06975241128969,-2.95561882434507,0.2764143642537545,-2.2052130449956806,-1.1470810930683186,-0.4210085247632195,-0.3859757327528843
-0.6542832766875555,-1.247317469694169,0.9955393281626821,-1.2570066317222348,-2.4034514460563106,-0.14112117040576938,0.026792728209990457
0.4278904406949172,1.1208406514031668,-0.1297362031885032,2.799268509830322,-0.19791369228539912,0.31420378610321203,2.9709842104083184
-0.18924434093640552,-0.664626000063131,0.07011315873321637,1.4638520200963474,-0.06411914456165857,0.00884899717906455,1.2217665846100152
0.32866200228248105,0.3605916776568414,0.5711740662910472,0.3277746787870777,-1.7461066335822744,-1.7615110864521557,-1.2868846734986372
0.3619218539288437,-1.3906854299752562,-0.9716187730129598,-1.0207569240118453,-0.20902867250712864,0.03131960841394621,0.8764236615986555
1.320661655528167,1.4387054823592311,0.739692508412923,0.7487473098906852,0.6322592670168155,0.6901673617105513,1.0446068647803304
-0.3427861508643793,-0.1440276600546764,0.819343097059747,0.9936647166601386,-0.2473265771178832,1.5584305504886946,1.865300556850638
-1.4768578168457318,0.2900403964835352,2.60362629875041,-0.1026883610762197,-2.261088519933813,-0.11098030822489846,1.3822177191950393
1.067222416571983,2.325779791881685,-0.3761041905595823,1.3927709630220149,2.1667545670314037,-0.8604197703338039,1.5593641697986178
-0.3314881720972547,1.5164401005894037,-0.4580818016681276,2.1614161421246996,0.2616867491490693,-0.2002776826002332,0.691881426999438
1.114592444577377,-0.3065656212870578,0.7689658715737455,-0.7774202799205545,2.2627633762131785,2.7909550479559173,1.9526429147226074
0.3833771131824704,-0.5932201848703592,0.8191041689121383,-0.5004667786474108,0.13264555786574567,0.7284772223811621,1.9752956269183137
-0.13113753020334493,-0.3255450115195318,-0.535087153376712,-1.8352358904962276,-0.9966732102702125,-0.9799267788880136,-0.9171128582904514
0.3487758940462951,0.5098982484765356,-0.40316267693004887,1.1019109789348647,0.23501355895978132,-1.0145517758221618,-0.10878931014923737
1.9510125601262995,-0.10522413425087113,0.5411308382180404,1.8587921144661892,0.3163160833053442,2.2356098238634123,2.8101566680399093
2.076980529053753,-0.39524414500347166,-0.8275842407346614,0.412934939697084,2.07477486423099,-0.609056135236324,0.21284386579154657
0.0693811351327787,1.4671812507090423,-0.4105339880150149,2.606200543100358,1.1637252716289543,-0.45624895796451975,0.6836657903057091
0.1601905933170753,-0.11420989177783689,0.08959276736843465,-0.9351858517640437,2.5685883907564304,1.781446487692846,0.6111019148540321
1.0762401574663856,2.2995890930373193,0.9959386848222581,2.0300037745973096,1.1193491289544126,-0.7348315972675039,0.45846178667592974
-0.8456610327673472,0.09074256375217302,-0.6045986161795408,-0.8723807246426946,-0.9717597748695141,0.462447624658743,0.2104406907161247
0.3330703726182551,1.7853183942247275,-1.842384462030672,1.1647828019139448,0.33887413771832087,-0.36559189026841665,-0.17123977160648912
-0.0258628479538564,0.3573194227106268,-1.916597467518211,1.0509206270667937,0.3146748213600884,-0.14745568843814139,1.215225597766766
0.3139082114575536,0.9629605732494478,-1.2594130667061334,0.852929860237868,0.991826879084992,0.22360300618009787,1.9043510954502452
-0.8333688059494058,-0.7246110515177244,-1.3131677181999373,-1.9778376427850466,-1.0320195736356974,-1.439696310876395,-1.3278280066306274
-1.589567493308969,-0.8537592225874118,-0.15461075861990903,-1.9809612991559347,-0.595413530211365,-1.4269434690948808,-2.661762944239452
-2.0729834359912918,0.4597059550149875,-1.188880153597605,-1.0225932865790834,-2.259578008811956,-1.8939912404208559,-1.714793309310898
-1.1173841129896078,0.9885532424653152,-0.7027549598212041,1.2625241190625363,0.36004350445261357,-1.2489248098381052,-0.6859132391811561
-0.458675284939333,0.040256502000462865,-0.7740858849820498,2.095294607217029,0.15354013144402479,0.07531512053732381,-0.3243540224050313
-0.2931915866487618,-1.2863933350836971,-0.4405078608479934,0.35907144263492907,-0.7173442675626632,0.2108600364191472,0.985115026436233
1.9372311624295169,-1.360258366289327,1.3225043315231224,-2.956986724851739,0.8943640423552699,2.699225135802415,1.6367467766827835
1.1059933699072981,-1.4271364021862412,0.6619475894305167,0.3079095443645159,2.889384249785534,2.082398058403274,4.806358438549044
-0.9620911163416273,-1.767622112939381,0.016129415276003874,-0.44234483107807,-2.2726956614880782,-0.08813745360332681,1.0600229089394846
0.34770845245095694,0.10948535944708751,-0.4610262805808381,-1.4599013651600294,0.6387594064072277,-0.2955392983070093,-0.14625687869118287
-0.4070782363503251,1.1250439217080253,-0.4332326566230212,0.5743326422217623,-0.7106117632691065,-1.0666566785855658,-0.5487773443665811
-0.28436383804009513,-0.013415786924808768,0.3277464699519495,1.0850580976944586,1.53352868410274,1.366962610033243,1.864605165452339
0.18532564941538202,-2.2604147573378524,0.5841690733522902,-1.2126899997887395,0.25691447872233775,0.09132346818656312,-1.4161229437047622
0.6191711169753933,-0.19076046033454871,-0.9076175061006004,-1.4578882114489335,-0.20643716818964392,-0.3864337906400544,-2.6447703382114014
-0.33925848388401536,-0.1627989966326071,0.03648075561423148,0.48375893842276063,0.16046046363072253,-0.9663669122207723,-1.6073675968300183
1.0638515327343585,2.0959987502254394,-2.031619568663027,-0.502621570904745,1.916846117334351,-1.2786510622469198,-1.3146890822936395
-1.141938226142404,-1.4571379129195563,0.21171378417059702,-1.3593897478344652,-2.0201092882404748,-0.1423773325041533,-2.970939758405179
0.006339062362268442,-0.3906776025991957,0.762149241958686,0.8332282393726761,0.6269420405736283,1.6413465236786142,1.341242695785708
2.5976737265958323,1.7058526805445642,-0.2800686268808754,1.34895930639608,3.2463299714333815,0.3015497695121985,0.9505783387296913
0.2230797426252751,0.44997834134654807,1.8165269961401054,-0.1479544437116384,0.5672705094412335,2.052132777361841,1.6584368852063356
1.4332145066061728,0.5633130735164247,-0.8812384474360504,1.3287304511151605,1.4021364852357903,-0.44814209208952027,-0.32082376399307716
0.09152017817320818,0.11458443702387822,0.21744041530326128,1.0641276759652065,0.5507816005686997,0.3991699539442468,0.49918676661430506
0.5807770953297967,0.32994353865726456,-0.035824746665955476,1.5673956530196165,0.8501439729594252,1.777297860689496,4.126261991756402
-0.056783194392691534,0.777609530278536,-0.10029766744340833,1.4808778620636454,0.28185528950086325,0.8721375604834238,2.102628878156505
-0.17040758116420443,-0.8094863188927663,-0.11432216800474763,0.4499754652007888,-1.0725907232128895,0.24232641841344904,-0.16360074328864949
-0.7794823967254196,0.8780585789081998,0.10710503000947168,1.4177942489859303,1.3229370582292472,2.570517153266,2.830551979665062
0.4303013589575532,-1.3730030168855392,0.8479587434636998,-0.8054137040542486,-1.1566088169654145,-0.6986188877367404,-0.9684176173262805
-0.8515371891857679,0.3283679728315381,1.3777362362747443,0.34563601857241383,-0.1982723452208348,-0.22090106385157993,-0.9354697697301323
0.6655852363134291,0.17874096328632716,-0.0022502445041573905,-0.09784176773406683,0.32137775044146494,-0.578897434122509,-1.263050710882691
1.08528700444591,-0.6162930881921079,0.8153160721716332,-1.69307690184957,2.4880443824500036,1.3706148834422993,1.6982601047107047
0.36653140723722993,-0.022685275325646737,-0.7017669462667825,-0.9730060235738132,-0.592540059291427,-3.0562891476584406,-3.6328767920350655
-0.28624873355569186,-0.6225401526655531,0.765955452726233,-0.7675958010143411,-1.2021887133867275,-0.2735207770305733,-1.7163492394677113
0.4539655793086961,-1.0717013268617444,-0.7619915238269903,-0.5944748753497313,-0.9499634736648702,-1.4444890398168375,-1.5831238221893555
-0.3086730555464126,-0.35361474161364437,1.0906599360881322,1.1649930995456206,-0.06884566693954419,1.4289883776496461,1.9077884799268776
0.9355471254651493,-1.1039886353716615,2.2106408773932396,-0.9029083634654085,-0.9455206827940434,1.297532415736529,-1.0326285475385195
-1.8314060842151236,0.3227974640932481,-0.12208388797139179,1.2552583128703976,-1.958872675592287,-1.557881342328129,-1.1878977225960483
-0.3356073681186462,-1.1500854941523635,-2.1925434908074086,0.18224897099327708,-2.846874156070834,-2.050509489169565,-1.0042557909077503
-1.9908119951239978,0.7119770229910514,-0.548072933244823,0.32389528024422903,-1.2423931235829193,-0.17561906440033437,0.16837306676842084
-1.495060830227205,-1.18147906792882,1.2318751342893033,-0.3268634616142958,-2.214435454829018,-1.0012791612051006,0.9636962988505435
1.3638622298139094,-0.5662949155810063,0.5530767870252449,-0.6852380758780464,-0.49969982444710404,-0.37498156842796343,0.7850263409224214
0.895184981971686,-0.624603408215179,0.24891359867502955,0.8349452356706373,1.6458091444141127,-1.3304226409331137,0.687041467677751
-0.7194802332847904,1.3251467288748389,1.008668355954839,1.6694577867883065,-1.4698133462365135,-1.1267015994837157,2.37658786638642
-1.502503456040897,0.33028994561659186,0.484453439248422,-0.9328575971074137,-0.3946328357615577,-0.6196932041822577,-0.41461263415640626
-2.964528837841651,-0.21173380254439425,1.2177251874511363,-0.003627713830780782,-3.354287743800579,-0.6802736918845345,-0.8565329913865665
-0.5434955079326346,0.4987194410697233,0.9194236766469855,2.0371133258582637,1.303282090368437,0.21113694082711265,1.9754019624883576
2.4204150122474024,-2.107192347329688,1.5217004527369589,-1.824841065463858,2.1177942780159955,1.3830097187550034,0.25693489848986295
0.4348842714636474,-0.043133589640907445,0.35879608390625434,0.41407083017516033,-0.6447953110749725,-1.293034999544459,-0.8602508178157846
-0.5595722860494895,1.9975141778047627,0.9052594014939547,2.1039398964268603,-0.7047804788416953,0.4152235119787596,0.5703799813390491
0.46508020950030626,0.13234650640267256,-0.3071270730857854,-0.9333926241705159,1.0564662647305119,0.710705628400451,0.718042390817019
-1.5609583529944429,0.0679131691693355,-0.6014608115590059,0.5636802211655956,-1.5966422886060645,-0.6890293846194901,-1.2532485065040175
-0.29732336269763543,0.5481283796421961,1.7067676404189733,-0.9662950159137127,-0.23616889969353977,0.96428106410293,-0.24430600423958176
0.09947747301573849,0.8956052433143455,0.21620467632268803,0.07294798338379349,1.6722460984558114,-0.6545153528762127,-0.1509262807222962
-0.08610065182104851,-1.9974666928898597,0.804880565862379,-0.48230105295989856,-1.5227097829657197,-0.8061471153927497,-1.1060107956053171
0.7908061216900806,-1.6823264817910268,0.12374001441139017,-0.9554583654886429,0.19048082941896521,-0.24487149014488824,-2.463293922891899
0.34464522623605237,0.21029129108614655,-0.5865156509199643,-0.14045060069933268,1.3280710923578227,-0.16930302492998295,-1.628598613387
0.668326018107997,-0.7148765618975097,0.010982892582401323,-0.11114269703487017,1.1403543274754293,0.5949500587548684,-0.5548719141903904
-0.6883722822307594,1.3120252622199142,1.4359940177677142,0.9632874567764017,-0.2992877112844632,2.1811781933089933,1.4702490233872432
0.8978154084105481,-0.3151743898852239,0.555240074279424,-0.2332575217586414,0.38188248800469027,1.3281921783399533,1.6660573240719503
1.6289369476239914,-1.9345307357131178,-1.711473159730459,-0.8521154471360943,-0.9987260755876501,-2.498057872896022,-2.258902813799066
-0.9701495196514126,-1.268013916843997,-0.2152444565761547,-1.7164185957974496,-2.344079945657324,-0.509884663326378,-0.2730927989419196
-0.8876956557145598,-2.7496760196305754,1.782293792704712,-2.1044108897571583,-1.4163226007676348,1.107979348797222,0.7629254994847169
1.3357843363202329,-0.23412553728291255,-0.21379686184995605,-0.4948861136873247,0.942306245607347,-0.5145837167752315,0.5541910344177732
-0.19134398669506028,-0.18838412726438336,-1.8004786917341806,-1.7325429938664747,-0.15747663440101023,-0.3382953517202075,-0.4760866912736119
1.403821392066557,-0.42446270978189776,1.8930488854225436,-1.25153666987918,2.112016272308301,1.963720995555449,1.6802758478786624
-0.4425357118921839,1.0788790390297387,0.6823925098127926,2.409732097507028,-1.1947215147480659,-1.524494815567143,0.6602267231922507
1.4550455762707113,1.1985198365166936,-0.0700128588128004,1.319568787068255,1.4491912919037118,1.0639308335298758,2.6654389702774264
0.13148581680545218,-0.1703884233561112,-0.37141773608206863,-1.4564912716191558,0.24346767585732218,0.09624328137943672,-0.14359647137466092
0.2582288233226952,-2.134693667476856,1.0823519297917354,-3.2054154364803584,-1.2266436449006708,-0.10860907292025362,-0.1746934576102972
1.5647180216699044,0.6172815804922585,-0.5419834002261925,0.3693157326733777,3.008830345952524,0.980490862555097,-1.0717126324605164
-0.36177047744417123,0.5553602285085755,1.1482564245159883,1.9943675114131711,0.78822256621472,0.34753365910807466,0.843290996669981
-0.9411220959249583,0.309391570156945,0.542195285724256,0.05456728991806448,-0.42035584681102756,0.7571314498811857,0.299459844932295
-0.44856420802835434,0.9814797493081158,0.24468192548734993,2.0725537578643465,1.7474988306017587,0.8946266330640223,2.8175704150690937
0.4523339506431387,-1.16482809646104,0.14551480533559535,-0.5566351444209539,-1.5130545763119756,-0.424206536084092,0.9963332198751618
-1.5657590721805144,2.008755386185139,-0.17496803671417813,2.038079659070302,-0.6668722887379307,-0.05143078826598674,-0.8251844292808672
0.6374709026511215,-0.959427753141868,1.0456401202092658,-2.0840741567552263,0.5851369406408831,-0.24297711660818266,0.3719177856435645
-0.5387713176177432,0.7492229272008546,-0.8653428321018342,1.5219168049664242,-1.1210580686010596,-1.935271708655666,-2.3868639202307826
1.1478126607335635,-1.6873476944133516,-1.6219251268302093,-1.6510632389160214,0.7087398636112554,-2.896605099625874,-4.395799535051411
-2.3942603049004716,-0.9302646872700508,0.6144401228924746,0.13748599754026858,-3.515181599595806,-0.6361365851343713,-1.078027587197076
-0.7865657751041687,1.5163686467253361,0.6312383280671477,0.36859756245964914,0.536974120287494,-0.5792039062157625,-0.8006227038191365
-1.686468151234102,-0.2608998230008499,0.4802411525117667,-0.026452514430750446,-0.5007074614950597,0.2050008667801708,-1.5983819144769735
-0.8262294663639526,0.8399226051327979,0.4077283696180388,1.0071425859412138,-0.15251332281183116,0.5551488188374128,1.491827856338769
0.24766590110894313,0.2369553887192461,-0.32054037833754784,0.030791886625145426,-1.5543940950484292,-0.2958595384485526,0.4496901323624233
-0.1792266254497549,-0.10495815600017268,0.7874827043855253,0.322677831406022,-1.1594560399073819,-1.2375328550753555,0.018588047139711295
-0.25337756894801494,1.3638503249326897,-0.04555812675454088,0.7974061782549892,0.8216191319548292,0.27632095265116674,0.1334687288741233
-0.1591848713800608,-0.23665882465190033,-0.4871135608151781,-0.8336536362697616,-0.2001227832164522,1.2782147606349352,0.7699919155426357
0.20338824061994343,-1.7807381075634705,-0.3118913122553999,0.21650765889445744,-3.140313186000352,0.10780113268580993,0.1893666531003699
-1.0085360419431078,-0.8032400919517051,2.020639698775832,0.4224255946391122,0.08426999519463996,2.2780412051055547,3.8571070824588447
0.7068496408990508,0.5511917287016942,-1.7349760820454327,-0.3309351966608553,0.9445327988815995,-0.31315227255260897,-3.175888077354436
0.6626659703854839,0.39550910636250813,0.49978810429579884,0.8769414085573692,-0.10412708253779623,-0.7420949513239905,-1.183861271890633
0.385037937656101,-1.5670582502354382,-1.6791104276237172,-1.9649842898847947,0.7814682157450688,0.029233857349629244,-0.7621599826282157
0.5565334427512632,-0.724342519408201,-0.10823333832297323,-1.749671808800721,-0.4468757995061703,-0.42622000828486095,-2.1619643728470694
0.2964180008086595,-0.5817213492022466,-0.4336274851541877,0.5800667890212239,-0.6341709291214672,0.006302316372587824,0.03550385633964126
2.0350733027310675,-0.365469594114225,-2.085028296679878,-1.9891659090565013,2.000952066450086,-1.0251325688911024,-1.6702306369778912
-0.0870941710525099,-1.3759135886015514,0.389037590433763,-0.1463566855326689,1.223696774416068,0.6189337417162348,-0.15633334601224425
-0.30708321833457675,-0.6283711081194786,-0.3800380621921959,-0.7428517769062518,1.136494890179987,0.4399464620982574,0.11427205340086861
-0.7535275803573779,-0.7286104852595274,-2.099206342561244,-0.7798627815829601,-0.5508711658476468,-1.3031218655255539,-1.0170536387080835
-1.0322626705778368,0.7715332597619193,0.8395680907742521,1.011547162237587,-0.1656462236357265,0.9397141301042076,0.9384388285529548
-1.2444717876010754,0.8091213109902438,1.435006177988935,1.2123134345666426,-0.007999064281525192,0.30690926690155385,0.19174432872522595
-0.8887973132309185,-0.145810458088816,1.490124342296572,-0.9400753341381847,-2.081270998211334,-1.3559793090814285,-1.9466017184990396
-0.07068038165207131,-0.3920397958707315,0.35895644065147114,0.41193456797089284,0.4454424765599244,2.047787147555673,2.0649491151939015
0.3342951284977145,0.1399243120391134,0.04605813857711549,0.22251150141573184,-0.39426319713682684,2.3403917762295974,0.5753830988725714
0.051142058552161786,-0.8165751074555749,1.328156620895797,-1.8929833766833866,0.07717037012751021,1.3056044827151523,0.8684317025242952
-0.765535277429713,-1.146832082167441,1.6823835853400984,-1.064403507670343,-1.2948745477297918,-0.8636078182976558,-1.8113695948277246
0.9001845640199633,-0.9402212089257169,1.133568702875625,0.6479064725968666,0.9552914746875815,0.3594986425494222,1.9914925889212618
0.7394126723009475,-0.6348131639714567,-0.9415376022298011,1.1814405303479603,0.5392078825182747,0.16800780280171596,1.3514438076968167
-0.159648307422017,-1.163473799792271,0.2013448532149219,-0.19016110622929416,-3.6191401282057494,-0.16266363701804964,0.9162656661494103
-0.652916144664712,0.16205955906287475,0.4395161442914286,-1.0639370320993278,-0.3324244884811127,-1.0899816448976711,-2.567058746078866
0.5484279208297995,0.7297156737837084,-1.8096169689172292,1.0597851280071808,1.3746857292454862,-0.6276867634171145,-0.4281320964143814
0.18797358748610446,-1.5870983007982418,0.4693606596207741,-0.3870757707634358,0.053980964171980006,0.51122710728624,-0.9090232927362898
-1.4481272594150476,0.02512871121603335,2.272991825979389,0.7453083780672282,-1.3536616129740593,1.6646856575547693,0.9751925114415615
-0.0679802559844049,-0.21993579526633558,0.6399361658007914,0.6134043683801764,1.5060413408807563,0.7308779317924516,2.186748346201075
0.26203581207438104,0.3415086855368029,1.4734130814417563,0.6296398539662371,0.6588723255642537,-0.3538060343241216,1.4632607587762134
-0.8996947864877538,-0.012938768103588062,0.18291473012870507,-0.08250457795134239,-0.34958973288749534,0.5772893123333266,-0.7636915250969513
0.189843392837443,-1.4535992799316308,-0.07321832398382148,-1.7421749342506905,0.7008958978430734,1.3948037583306516,0.11443424627129317
-1.4548224852577891,-1.2623892988571654,0.3812713900809755,-2.882599171610085,-1.3449388170776855,-0.45142566757991437,-1.9246661097491187
1.3361861000121709,0.029423575584972723,-0.8158266479844326,0.36259215566962955,0.2747624050511257,0.023070651829089628,0.9366801679503576
1.2479499850594318,1.0287809197455093,-0.9637751872343886,0.9885019610536858,-0.9925476048669886,-1.5186782677025366,-2.5848917111890404
-0.25251733430296475,-2.214187371043003,1.2663045571693656,-1.169490306588726,-1.4717765627267116,-0.7229634225079078,-2.8110641497533306
0.36345433783907316,0.34572657980157995,1.3723423428665182,-1.0678769610476617,1.198155102731663,2.4164477293537083,2.3249845028399365
-2.409921965799875,1.1896220052876432,-0.9911063155873504,1.572921853439422,-2.033360739813022,-1.1420024007655563,-2.6480342602049243
-1.1563476602653329,-0.1530258762062131,0.9679988045538644,1.9351849111799309,-0.2584031488212847,0.9742464412557004,1.1410561002018083
-0.2937789201521298,0.5502024960264408,-0.08695997560602091,0.5076080776785351,0.08571138899717431,1.4867700881676085,1.7248682043367098
-1.0721330214268592,-0.7030690808978022,0.33980857449043056,-0.6100592023068265,0.10923616330658636,-0.7950047446465422,-0.725391192365594
0.7143964826306588,-0.11936619927687682,0.4602186394350634,0.21589672064973706,0.28453006302110523,-0.13865218335018548,-0.08495749343813197
1.997296530747994,-1.6209135183081516,0.9943504681243184,0.7680244804299796,1.6379430769105896,1.5115050236815384,1.6298420285584307
-1.176614719429302,-2.344343308418874,0.08271820186318887,-2.8522355422666124,-1.3382898993147394,-1.1152584072976977,-1.5720406557708322
-0.8374634040851927,0.9427658012252752,1.410161995301936,0.9385642583496197,1.1029767415059217,2.1537765060373153,2.582930465539722
0.23544836830993032,-0.9849949277244419,0.30941283975992473,-1.5679534659227088,-1.846545450608193,-0.8265087130265176,-2.059281427532595
1.6111161484996208,-0.4555278450034305,0.6241842724695326,-0.9023164399476709,0.7838280288903118,-0.2528159455654392,-0.37594690256616786
-1.2223743125399031,-1.3864422532701932,-0.8332625915372465,-1.1310152654326902,-0.7002043351657793,-0.765943082390032,-0.974403268732781
0.24903612230694197,-1.4099697030838758,2.158659010704834,0.24754687320813562,1.269068510106331,2.079788186991634,3.791260106733002
1.8212988508131087,-0.17383770009461635,0.4698249232049664,1.6653971946149362,1.7637583178163692,2.0196647583007756,3.6175015378014277
-1.6517591481792673,-0.7295771941356465,0.7129974253450992,-0.12092806679909796,-1.9850866412849257,-0.05808968171683071,0.8938056939703742
-1.281069206845832,0.37797099799469847,-1.6081858112115415,-0.08177734458762048,-0.22512199198328464,-0.6372337079837982,-1.4049379997871974
-0.42360660646083825,0.4525384189795919,-0.822702023079101,2.8457188334426,0.6585533742536108,0.106565448112307,0.7435132000298518
-0.520588412855411,0.32084964632460716,1.2378836879187305,-0.17729175719632656,-0.7002762216379024,0.2641410654806263,-0.13364075118163143
0.8126012877536446,0.2386007909284437,0.2868911182926047,-0.3850272974355512,1.1207807093481723,-0.03399530256317229,-0.23511184851122743
0.24165971982083806,1.5777682049318862,-1.913779734828926,-0.5442838447318556,1.9429900903822586,-0.02335954326254175,-1.232375622695043
-1.7749620596421283,-1.067593769044886,1.038289928983819,0.5633684293897324,-0.02741581777990998,0.29827787208536766,1.5548354044803183
0.5154104029008109,-0.05493486620291775,-0.5437828043527234,0.9253963967330182,1.1717848065879761,1.8799804447069162,3.0966572543085276
-0.5775388873556505,1.1326898205195888,1.411316985876712,3.301303596121725,-0.061878498151966825,2.1893535018483954,3.074901386393608
1.274447216941239,1.2645398093380364,-0.08783567860369966,-0.4031823009344574,1.4972828359692827,1.2521582878034918,1.7985276054716453
-0.6275875364369197,-1.4217636493445729,0.20470668602052994,0.34919516099034276,-0.4862218767770977,0.28658524007602015,0.5579909757635845
-0.6366152831022357,-0.3123554416558699,1.1789545785916484,-0.17350172612545117,-0.7788525433579497,0.2925091432345675,0.8344957551022878
0.5411316108045314,1.3581210958672605,-0.8974929708546623,1.8654346715765995,1.1357673839758717,-1.3064740504878833,-1.686843972296835
0.7629264823369366,0.5080791051990653,-0.9928468078339396,-1.2514754390492002,-0.2163025380780671,-0.9290733863141384,-1.448653318556938
0.4480993639362036,0.19526303147977275,-0.19649842039810733,1.62038698721952,1.7552457041335767,0.7694315796185397,1.4125521629555466
-1.6855973173848082,-0.21768469343465674,0.8271727996212221,0.6167226904527982,-2.6828440359755916,-0.4649762059791963,0.23727733368567683
0.5380344399282511,-0.38380092570774543,-1.3308772526134907,-0.33827475683825897,-0.09835212171314506,-0.39986598437545345,-1.0758266349010839
-1.034308051674399,0.2882190630903242,-1.6680345998890966,0.8699235568715743,-0.7013780720232998,-0.4284713864640399,-2.6588020307568483
0.2352761115882635,-0.25237412498448336,0.8237209270437923,-0.9623471185301462,2.107346153225859,0.7668586720259207,-0.7517445191603029
-1.4237344353990602,-0.04257862104444418,-0.6029783125670037,-0.6126514099963658,-1.6762344610150652,-1.8112276684573327,-2.194015300276542
0.44632214754306365,0.07859870611503737,-0.3922260129202831,-0.40213762285566707,-0.25020599845766783,1.0950838524266326,0.9674149096127614
-0.8065989043073726,-0.6780715284934992,-1.8568104019401659,-2.3816236539152076,-1.4898829990539326,-1.0506882095840238,-0.4223479410316555
-1.2826346502605217,0.5321293738814383,-0.6789793143519821,1.276819405830889,0.7292503027431618,-0.48357548079712726,0.5153110834901851
0.7138201364823995,2.9142446484154196,-0.007567296631150636,3.4647044399465936,-1.1713378478209369,-0.6390049243829719,1.0698752264750726
0.2416445216767513,-1.7769866393260751,0.9303778576228922,-2.0873937284381805,-1.4144526020539394,-0.1623833458729781,-1.0495733038537471
-0.6139768013928971,0.3240125241899799,-0.7712301662346388,0.600932784813003,2.3105332754142243,0.593151393152308,1.8343982910898542
1.4511788490210642,-0.7601900886189056,1.6573761202324966,-0.8584887437519826,1.5873411411233458,2.2145598002882667,1.2889332526700357
-0.44065242156974244,0.57740257751925,-0.6845560241798007,0.7786479725460455,-1.2872616539731585,1.5313002668204334,1.5613592737931372
0.03210767397093466,0.04655747332786092,-0.6830918015851747,-0.5912624120152977,0.0023108098446929445,-0.23272049139004403,-1.5557570166813992
0.2689134476786009,0.7618547740424635,1.5373575518978022,-0.28917843233451423,0.5680584364631067,1.871386129010286,3.0699071709692474
-0.6196659341286136,1.1755065765087795,0.21146015236391716,1.9689700157005907,0.7184431849917849,-1.2320719784782108,0.01277253233141179
0.47113629339992935,0.19242111776818133,-0.5520247290115766,0.08621788673468886,2.3167379692993655,0.215376761418702,-0.40890149844664603
-0.5334523471647244,1.1320522884141782,-0.15513313118059344,2.9051097358165348,0.32066644019086754,1.2769323594705275,2.2529404652589786
-0.4116383222162092,-2.3442978937886774,1.3530735775420593,-1.7822423923610284,-1.7184179061670997,0.4679329516574978,0.12495119764440382
1.362642639803341,1.5904522979160232,1.4662028196256818,0.3144747520240059,2.529241842997719,-2.3419100073479404,-2.1163275330111033
-1.040586052512433,0.3750621518923401,-0.816793179270256,1.5194893549119641,-1.4722908093863587,-0.49491943305522335,-0.4766414586684303
-2.41278033092949,1.0778433557451819,-0.042433810079108215,1.4715179816272617,-2.7552112093868724,0.6520103881556292,0.2711872640792925
1.6109369950118944,-1.2198757448415216,0.09015682766757308,-0.22463021727996335,-0.7853501969906296,-2.2934179416116813,-1.681085970536587
2.549327952607003,-0.8307698816053357,-0.9862401105165975,0.5426001712157568,0.36201746570582416,1.0708266666928425,1.2025452282753444
-0.40526926544933184,0.14593829414477413,-0.05568505264999431,-0.5389644244128707,-1.1979510141145195,-3.3455583196204586,-3.8495666790157204
-1.9368380406201853,-0.017037889337463016,0.005322860451700487,-0.1405428626685087,-2.8688021243085444,-0.3496618374053774,-1.9734696400704896
-0.31048397619594376,0.2830685880099896,1.1402094789367356,0.04934366715999866,0.1421894738877426,0.76226651417802,0.7674032946860551
-0.2862229498406692,1.0845151609299661,1.207425028311201,-0.4448247113902447,-1.0688354858599294,-2.08234366632864,-2.3462866578546357
-0.18992384102225704,-1.7652203153028492,-0.32920939835900803,-1.6404619960944657,-3.9267271540701048,-1.5249992190743458,-2.4699863800346202
-1.1133880419218483,0.9738190717173091,-0.21395314386081168,2.0959583338163252,-1.6717226959604155,0.2659135867761684,1.2025919512817347
0.5795611424764774,0.008281909957927018,0.6642923020556356,0.24379799356103007,0.03525721471839044,0.7916139777193429,1.664379347768072
0.5245073752860862,-0.20378186112454774,-0.5851884489270115,-1.505011179522135,-0.22045172276666214,0.12280752347986795,0.23680762036941894
-1.4944056198193065,-1.4711152343848903,0.5886401517374027,-2.7033092944851496,-0.2954985419683238,-0.1796935621476177,-0.9710822391026461
0.6991967316948878,0.503048668376865,-0.08790648736921473,2.0571540200822263,0.17082563121730499,-1.8390202433421479,-0.9754873011882264
2.052684981945891,-2.414107851031037,-0.9693985777386207,-1.973323134059339,1.82182164963126,0.9106566464731864,-0.3017675547137284
0.17196033243705985,0.6483940112387127,-0.9568367128796466,-0.14166287693542146,0.3575607934729298,1.3174175145237332,0.1427224533192213
-0.33732516206850605,-1.492105835472992,1.447058696031102,-1.4378343165659369,-0.8580146590877461,1.6406506491772566,0.27052756920450816
-0.1420032144075213,0.053457912617474034,-0.1564214791432986,-1.4356105824757024,-0.9402128159664646,-2.5079529138551004,-2.948519083086204
0.6152567669685612,-0.11916883732792043,1.640354093898311,1.3301434563958419,0.43478164261710894,-0.30222312981628185,-0.41540856642549984
-1.7306716055072182,1.1695381472938837,-0.5136362607149101,0.5191868173031997,-1.8614420721358376,-2.0020711559017115,-1.7676060131467113
0.16439070297730224,-0.17865516901389017,0.2912052011314934,1.2280504959075875,0.2505149166899619,-1.2996965140681345,-1.6247419313679172
-0.3904639494628101,-0.6941385611456656,2.3926767230182415,-0.4897763632463041,-0.818901765057316,1.1591436935515564,-0.8443524036301506
1.8478250129560454,-0.506602695971203,-1.0573867446632792,1.0343818717109015,0.48566888449023826,-0.04361297849010304,1.4638475073889727
-0.17417273380495787,1.2728827687546636,-1.8978144998997766,1.249543058671723,1.2858730303544141,-2.028255409520743,-1.846031066385939
1.6678876111195198,0.5362969691808936,1.2865901312872332,1.271544298830173,2.06560664090872,2.504337329082537,2.255589500765381
-1.1037406977820072,-0.3856299815231613,-0.8268091053930736,0.41830166050027096,-1.543287634745701,-0.605997136959257,-1.621041055366092
0.5872591668027922,-0.23644641996451343,-0.020706364106233777,0.43886285867965025,0.5736522751661597,-0.3028535467647962,0.40643689715575254
0.3194002637912288,-1.567177090585447,-0.5859182104515849,-0.8744636534739381,-0.35445627370850097,-0.6952965996327922,0.3937845371085369
-0.8690472478647824,0.388474200851541,0.2681627809553161,0.0701591605486171,-1.4876960726075952,-2.4530034841341535,-2.767174804437424
0.17739611463694044,-1.7598157076954657,-0.9505362071857422,0.542778439570397,-0.3911046489381109,-1.097591696764384,-0.9798674287353859
1.2125188368316004,0.7517964658354561,-0.1799400878833061,-0.32053574174424493,0.6970083962785277,0.20947589796801347,1.2862415048374076
-0.3237917042866007,0.12862159249126584,0.4498153265565342,0.10463248448634706,-1.181615060977499,-0.0840936797466337,-1.8857537797508104
-1.6919626491697632,2.3869517995739225,-1.008308886274262,1.8767082788752552,-2.259341705193346,-1.262978364806874,1.3793281791665646
-0.01756282647744591,-1.1001355537243058,-0.7000840296458889,-0.45566497856143706,-0.7589344563775157,-0.531330860519761,1.7517434938195058
-0.9024230947925126,-0.10266209104063294,-0.3473828335985318,-0.5095490769061948,-0.2540691647499841,-0.5940521782342532,-3.5952271605706287
-0.3423409386638824,1.7982877009230627,-1.4288154342262782,1.7174107123095768,-0.36309527469336544,-0.7630635002779902,-0.11316999990847465
-0.08158776968512098,1.1913896402914144,-0.4225609827987464,0.7604413342243371,2.8667137066339095,2.0300653519602845,1.4853971091109006
-1.7056522160155172,-0.6962120515798997,0.11879653990290184,-2.124997917670221,-0.8419059923337325,-0.4007019151200249,-1.7729084446465695
-1.615658339320678,0.22396742837344774,-0.39954894158842846,0.1842468803881357,-0.022904022617804998,0.059567736868838816,-0.49379649987269314
0.48206683552552526,0.001999356415087233,-0.27137649293172456,-1.0990058350263836,1.215340933726246,0.19247893189502308,0.5808606846987032
-0.5227186961696804,0.2819558673941572,-0.019901670906585355,-1.5144601858814584,1.4967842628589059,0.014454965844853396,-0.8182980991633628
-2.564744341820567,-0.6986804359848298,-0.655743462432314,-0.4080974193787823,-3.262867713451126,-1.351971750843437,-2.6771395972539027
0.7848440366081351,-0.08932040270073452,0.6910625658668772,0.41821342791299354,-1.909185214754801,-0.9859004999724018,-0.8072111275078131
0.27236975527423984,-1.5980523752767137,1.4359781248017758,-0.7197828106112605,-0.7684822526111441,0.9306363246942766,1.1061774785508962
-0.713874824036484,0.13512345186808206,-0.46438039219544847,0.6725669994767982,-0.015559313210374626,-0.26666216259580106,-1.2353170563290965
-1.3168302110582415,0.45002067342183205,0.4851982314777071,-1.5815728956715813,-0.8366180761750504,-0.3795899072827375,-2.850516575319278
0.8358078963143372,-0.227419412643884,-0.23961715543464693,-1.538404069769699,0.9230286863358976,-0.061342559664987806,1.3828354968667746
0.3493506225604296,-1.6150508905847878,0.3654873450385047,0.7137817421575363,1.0595772325927704,0.19529091617493277,-0.10846439760515225
2.3826022826840734,0.9885318628514624,1.5657795312032543,-0.27615390705289544,2.800907712395655,0.5853906078350484,0.5980523950832568
0.42018859872493736,0.3645250379928023,0.5086595430180988,0.8951705607710749,1.2920607717791976,1.2796913591335524,1.2318654171344354
0.3877031412620148,-0.7260150977009768,-1.7734145388096807,-1.253229397872608,-0.8563662931501479,-1.2533350207012481,-1.1060010978911783
-0.16692793010856513,-0.28060044683806395,0.4539956314469589,-0.13919560926612543,-1.3388311448038108,0.5286735287838934,2.182901561961517
0.816775867200791,-1.5006694027818388,1.2328637433090093,-1.8037763364434285,1.7994746365155323,1.0426822049767805,0.8801853304231189
0.6250852012481537,-1.0254101277779044,-0.2215961699981027,-0.23827874504712065,0.28583211551069504,1.8866184520576565,0.2149912286656277
1.251725008565195,-0.5378113463571395,0.9956348061178324,-0.28271873284186977,0.2775376027805859,0.3624495531946867,-1.0058901465459997
-0.5213229186372847,1.2284208122801512,-0.690115541151946,0.5098784599342844,-0.644998148463503,-1.5932304445174787,-1.7291933303792766
-0.4354074729439623,-0.6395033908874757,-1.4855391595222738,-1.5489847645729413,-1.2517538099101213,-2.478008413206029,-3.2954474440639534
-0.4791031709119801,0.6402136593287587,0.14116901883264016,0.7671408517689429,-0.9017039989741988,-2.052164411091815,-3.362877017819901
0.7908017211789892,-0.5383162028615798,-1.7564767207463141,-1.6326054372746224,-0.7835609761794922,0.09100988624964157,0.3047640001117883
1.498374440296732,0.24794756085187486,-0.23977101289359176,0.6208801395853009,-0.11005299286419556,1.172885515985747,0.4662301092455208
-0.45884049314930064,-0.14139550214380217,1.286842262645503,2.516196417364734,-0.6436840324446415,1.1089295511248811,3.5469212400293215
-0.42477372779309125,0.8730566000927434,-1.9097629057462808,2.031154199334352,-0.6569092034679287,-2.3757509508990418,0.4293599339702814
0.3140772238697992,-0.5348113382185579,-1.2794967959138979,0.3011950430836877,1.1932225018335252,1.5549297939175895,1.3681750833402406
-0.24576150001290142,-1.572528250002441,-1.0320322451615775,-1.3121793327430518,-0.47112073924516185,-1.2035834861821568,-1.2765461098124105
0.95205365313989,-1.3819490313636327,-0.06331985971095996,-3.0166728714671587,0.609922197332416,-0.033819155447860294,-2.4368013964734043
-2.2517772906190467,-0.5318774939427574,-0.36571678564620924,-1.737150841175535,-2.8883237732729867,-0.08923102463741772,-0.4990144359196401
-0.8267050469168946,-1.2490599706780527,1.3991363816960873,0.30852607897383233,-1.2774327963349925,0.9515303827816998,0.4119253904121624
-0.7824163339614458,0.4102120156795513,0.9543483290916974,-0.4697907078947298,-0.17612690142717458,2.713541997149217,1.1326346079506968
-2.320356012386145,-0.4657681648580778,0.49527294606859795,-1.0625512667533474,-1.4655328487635977,-0.10369829506206868,-1.1443177289748463
-0.9636384443688041,2.3746065500264315,0.14563031434388482,1.6865426333365954,-0.10114498060997405,-0.3522552459600045,-0.19340505258137575
-0.9151561158459262,-1.737714595137132,0.3932297769848273,-2.4174636430535177,-0.325262149759743,-0.5143703891210872,-1.9620035264593485
-0.20110465451883033,0.20363317870980122,-0.861982355313375,-1.0679348551579912,-0.09570012797500925,-2.4244902950736735,-1.7904516644075417
1.1129658916602636,-1.127953023505669,0.8572103535566122,-0.9302774311158436,1.366343886035125,0.8677293951147014,-0.23365298464303885
-0.24506065119070236,-0.4934013403826786,-1.112044254359201,-1.2763825001705256,-0.8757454442589989,0.0610404512081264,1.2110882596693162
-1.0308137202711538,0.14141947334054417,0.8353769939022309,-0.6307113905732704,-2.6598994875353554,-0.08018686051545765,-1.8048450946864856
-0.056954541213528984,-2.325371374874287,1.186142502118831,-2.59498069854895,-0.595071444043248,0.48793420805461946,0.9459632959355844
1.0491736214413494,0.23682611678802748,0.2108646020880872,0.7070845849291301,1.7209942546764092,-0.08975097591733106,-0.6595400872029102
-0.9759588161149049,1.9029074622741677,-0.17621305896197587,1.2521421300784936,0.39228077358356084,0.29414726956891457,0.6840901980012896
-0.9105748839214486,-0.45343829836859284,0.4003099083096733,-0.5322538406213561,-0.5287168920032278,1.0230832469459181,0.11402741980471282
0.5585489592742234,0.2598078568055095,-2.861518370100673,0.7995960256171807,0.2282833784955154,-1.240694612669451,-1.0811370055994074
-0.22153611573080054,1.0249216931253993,0.30225821848546125,0.6573993124048713,-0.640760079537499,0.06579322930247056,1.116426948895937
0.6474846907094743,-0.16395350002699655,-0.11335399783980703,-0.4061374984782302,1.0576562249515744,-0.3912918307136779,1.0454592801116829
-0.013646791795296761,-0.5809601885314832,-0.05062811305699102,0.017301408515613903,0.21123864135034773,0.9308497726243348,2.0618805162245986
0.701663648089567,-2.2757364037217522,0.7065325128978275,-1.1068765513453358,-0.7469594583085162,-3.02998641698636,-3.6074843429660137
-1.0350781140406409,0.6409907193949733,-0.07476892156472781,0.35289926161947505,0.43325298176494,0.5314528192892367,0.6956928720146345
-0.01208465078826744,-0.11316840972889723,-1.140206856651158,-0.0076635839680182505,-0.9329881041385072,1.4435490829585524,0.5555564277743691
-0.21069001436315682,-1.0126838513881617,-0.14140267082537805,-1.5716836338160942,-1.1212630392728435,-2.100611410916361,-3.6483325891350415
-1.2158909241041307,0.12659671027769356,0.06755548408082447,-0.7619376091479245,0.622908956968264,0.08082397606446401,-1.5568336000558618
-1.5634779478686884,-0.5836803568061814,0.11493391158101274,0.31387682365798625,-0.6959320017940097,-0.2498213657518029,-0.7381922761833013
0.6857490352746618,-0.5284261311155256,0.16191936728506806,0.032769680274511714,0.05364320890749924,-0.3380533623314602,0.03845434115043009
-0.3509523822179781,0.6062911561087082,1.0393690449185533,0.9282055401813685,0.19425404175195746,1.7681973691968633,0.08611296619122943
-1.0222802816473295,-1.3383824113238445,-1.0860345530341475,-0.7630839321070766,-1.203025444472684,-0.7422518585385783,-1.1976704584418394
-0.09617893692333225,1.0473152860737585,0.17570045616484992,0.8631091989524852,-2.462729189974862,-0.8469934801191618,1.0869548817882395
1.1280188573493026,-1.3976861631184037,1.289929698618241,-0.39378331640958564,-0.4142877006709296,1.410599509010671,2.411084237853337
-2.280737845371923,-0.6627014083552638,-1.7346114969371953,0.41820166250567803,-2.267034035507197,-2.0788737350075572,-2.6352058551046027
-1.4966386899033264,1.9229461940665773,0.17964668078005355,2.411126036562578,-0.9856559688518982,2.847700244923793,2.0937094845308177
-0.9228864418952676,1.1273547616424222,-0.5853785019730434,0.7785587981351025,-0.16123447304361446,-0.28414325043617233,0.4103821293108956
1.461178866720329,0.09760399249544019,-0.37071038447310495,1.4631238440552814,2.43486932436801,1.061132856081984,-0.5114781884338413
0.2825869829192965,-0.9405302155012165,-0.904807503214422,-0.5051528863586278,-0.40487068493956524,-2.4536405097890213,-1.3522109915758143
0.7673172404612268,-0.5292723066998932,-0.16955071570044408,0.21954379333988172,-0.5753341042665601,-0.9074721179576513,-0.8633814551877476
-1.1401609191262305,0.0732753145856964,1.8412556144269043,0.3392426362117229,-0.6414419810237816,2.0003072712837886,3.689239496955955
-1.1195358752705262,0.03752323233959842,-1.2644303611772136,0.2762748287090609,-1.2874864137343018,-2.698772560470181,-4.263565454254006
0.4478137167227104,-0.09087092962596285,-1.1696100024788274,-0.8066313153585707,0.20172960735776838,-2.7919370525278318,-1.966990916073283
0.05827433093544655,-0.03083251408418433,-1.3019345701635046,0.6773014773591622,-0.25186643116870466,-0.8882238563397151,-0.6277417249240858
0.5487388188641266,-0.2143751097051141,1.727418286628101,2.67808180933765,2.644209284025986,3.6316380229960936,4.269284054381813
-0.18767099092845213,-1.4419787356400129,-0.46233970552128695,-1.4995384885892933,-2.908670580579703,-1.5531711499879386,-3.483491413615022
0.278143726454627,-0.5165107421608328,-0.025639060347674214,-0.3318836634605014,-0.3271276208734122,-0.4992282494349371,0.02491434388831082
0.15811908490510918,0.9146240539868465,-0.4027829411062397,0.2672014977624779,0.4539929971144492,-1.9039165125253463,-0.9590528467961849
0.7777673890849254,-1.3683342975511175,-0.9444228784030915,-1.555320653651806,-0.5834018679217847,-0.3958189024725265,0.8493381021772035
0.8070082819444706,-0.18955551153927852,-0.2351506466144354,1.3965961791180357,1.535578608381225,1.2064920817536462,2.83553533256502
-1.6198719943917699,-0.819753928770844,2.45824360573656,-1.312379082168723,-0.8829448314709957,-0.6549466377063813,-1.9779020666261506
-2.2472685553408556,0.11135042939811132,1.392070920974255,-0.38722713843583445,-1.963905611345746,1.1138588945956713,-0.4266263933652603
1.0017453976515072,-0.38863318106681816,-0.8529378177922723,-1.8906267049634193,0.4648231272397307,0.4460444861187791,-1.636412642871496
1.1877250932619365,1.477393664974669,0.6475741030616857,0.3947553341379946,1.4384517796473717,2.181115187286908,3.8258105256196844
-1.0206230195133374,0.5065831541902538,-0.8315227726663764,-1.3132650326849498,-0.8154245766578255,-0.29896008671583296,-1.7535921215148527
-1.8598354065456286,-1.3118031657772113,-1.7763676388462208,-0.391401770094296,-2.1555609398424838,-1.4176676502024566,-0.2482824097084564
0.09903482100720092,0.6712280116136986,1.0195109176646295,3.3232550708959945,0.1330909968242598,1.212708616224726,3.094765261167275
0.9308382263505294,-0.774651856262063,1.1600928466435507,-0.9709072415349314,0.7911504218256313,1.9437475762417313,1.841106983064319
1.7975945224343146,-0.5769963713775336,1.0460522510478993,-2.1168151026647135,2.115170569363582,-0.21837861726060903,-1.1865036328420306
0.516297572101451,0.3138190201071218,-0.46986524921957273,1.1447785001132882,-0.6712446028328218,-2.0944359594124196,-0.727779089829397
-0.37171669658569495,-0.49174741973013475,-0.16677573400198623,-1.110487946319662,-1.5461690221682507,-1.5351849152467159,-1.9690257214898428
-0.8931306215848627,0.8928558163229553,0.7497655536581233,1.9957744672854454,-2.21304213454932,-0.6608344889517107,-0.2417133260671922
0.011451291670654416,-0.7745100615133954,0.3914960373481072,-0.8861468957703931,0.6052815025813805,0.903241142625627,1.1564645520259496
-0.2992647038852564,-0.6189465525913632,-0.3936374712970443,-1.1145940001040442,-0.22666829259668703,-0.021374310643826555,-0.6820300496697116
-1.0150679057288161,-0.6563708935481088,-1.6190718201181646,-0.6899268527132114,-0.6075713747931375,-0.16012583567414262,-1.3758791803272066
2.0487556508632867,-0.5656387483550389,0.11387519414201226,0.31657853721925683,0.15494561596332734,1.288823446131896,2.2008995859798226
1.785168402072131,1.099191555547813,1.0790096392361133,0.6299487825716377,3.722761677124627,1.4718436227386795,1.807778782293588
1.1360486835554284,0.6287962936103031,-1.1975882890341571,-0.0062635937776689965,0.599590149311471,-0.2341130619605442,0.4161778476723064
-0.9208503978091276,1.709943954012071,0.638759381675977,1.1349246811505438,-0.03445365507846021,-0.4673048758680396,-0.520146331731916
0.8550193242972788,2.2676442038992546,0.33154169513369264,0.49690729454053373,2.3919269441817437,1.0936759375111076,0.13281996601544988
0.6396264094979018,-1.0307170319323398,0.7501482632323336,-0.40692768261324486,-0.7912557407092162,0.4308182089333943,2.043907426533364
0.44254562420405297,0.07041912732728889,0.8719754997190072,-1.731799674529625,-0.13666297089058965,-2.9295856035466716,-1.8650461294360423
1.2496652670437771,-1.176200316643433,-0.694465241925353,-1.3615577013473932,0.8547104461037589,2.365295290392657,2.6604962544634447
0.6353711428612774,-0.7776059277482671,-1.616959400164946,0.15285258518709488,3.138083895042124,0.9760316020641643,0.6682235647478164
0.7400142363043355,-0.6300825102556694,-0.5335195256828793,-0.18841607506670538,0.7244082498473119,-0.6005016689055007,-0.8436015868023079
0.6369062833722101,-1.0571548741382744,0.8891273175270074,-0.2342602288414637,1.790465411216145,3.2843381271442382,4.418827822577164
0.3407914080021059,-1.0518872728984137,-0.542003903525971,-0.8855177455795719,1.1340011246393429,-0.17317308458459213,-0.851350753790026
-1.7836111297141835,-0.14428437852025486,-0.6940433238576419,1.0572043657397179,-1.23423117883891,-0.8531915054411897,-1.2032957060023692
0.08362107741055723,-1.216718418386407,-1.8213503419246384,-0.024341169571605592,-1.3422968807187363,-2.2203866187143344,-0.1923208426202958
-0.5561919588491252,0.8421269591376328,1.752647554550939,1.1030000323750282,0.8706110423176676,3.130408290307872,3.265587087643325
-1.2798409576400205,-0.9177535374175142,0.8257136414253099,0.21169801812788192,-2.932785712890995,-0.912795819423136,0.8441760397521156
1.681816619300824,2.809568970096392,0.7698959812747644,2.941887351078763,4.047404722002546,2.448151734031009,2.3620369234318117
1.7289953408857035,-0.45138445096439517,0.9677253867794737,-0.7915433850991185,1.5462466969512791,2.4995829064567956,2.727202724511842
1.359220600295612,0.07201764191705222,0.5767083615434017,-1.2877251509960328,-1.4424954503700256,0.293575688951474,1.9670848530516214
0.2552134168558746,-1.2953411844660352,-0.24432885517952907,-0.5900039980408838,-0.5718398369303404,-0.46315988196403307,-0.6215119205340052
1.3506251209526567,1.7060917581276394,-0.16376410412220166,1.8768408021709875,2.4261237914964253,2.100612933975089,2.672188346986407
0.012053180601825543,1.1195006808029162,-0.4275643645921248,1.9636825221648402,0.1652876323648422,2.3477727579450134,1.8616271452995619
0.20279727689777938,0.29691587073611253,2.634740754415,-0.7047268958711257,0.9953599966522808,2.3988617150302476,3.0366155301855047
-1.093471370461983,-1.3468025487795656,0.5559120312994426,-1.9569370473252246,-2.2727251520870686,-0.56130077116096,-2.2757720083302844
0.39699130449884,0.21066687772462028,-0.46380044135143456,0.6242204309329742,-0.8868665306699995,-0.5160191288203078,-0.25468269430684665
0.0603859284244171,-1.121431046017255,0.4654967741662798,-0.9458832047465455,-0.41141051142440177,1.4139027706736305,-0.3184523104119754
-1.3026521168344645,1.4623552634733608,-1.0108689178563175,-0.7451245050619066,-0.589917332140393,-1.4913992635670161,-0.3198550273849927
-0.051197111816596905,0.8091947318531727,1.504506718589227,1.0062800545996655,-0.10970768219415031,0.6051081488262922,2.143680688075833
-0.07972956385680847,0.09543903848773612,-0.6610690958071401,-1.7779804649685205,1.1913300895574768,-1.4112072482262037,-2.1189039333013495
1.79756116664464,-2.4363756632473224,0.5010854326224657,-2.8456295692062876,-0.13906064229478365,-0.9357721834466975,-3.0143548292872575
0.8942133285134095,-0.9834159786590306,1.0659776297431345,0.5846169095060633,0.746935610608355,0.4792271525165327,2.349221304877358
0.011445439091466015,0.6877611315998724,0.3847685442049928,2.3613327004550158,0.318643899233156,0.32600925800159297,0.9541178511718817
0.248787309801083,1.2128836917231558,0.09446999181963821,-0.2696070889279001,-0.9157617005060367,1.4155619554705787,0.1276790798052636
0.044212378104198057,1.1091698114921316,0.010802084856015158,0.5357609155511684,-0.8923559806956141,0.14112990622292743,-1.3947423968446733
-0.20291398479554773,-1.5920130022414554,-0.056441096887107134,-1.1991476186696293,-0.7218287013080045,-1.2718949058484021,-2.3708396883841507
-1.0824271973882869,0.30155230681290407,-0.5766984889275022,2.0164377268956333,1.1450316443436708,-0.5702693085445147,-1.2586358925716934
-0.15105187760692926,1.0155152164829295,-0.44948342976970423,0.29923292103228355,0.8032850041498079,1.4575472086408512,0.8417314794681482
-0.7460982566525134,-1.6583355655822452,1.479590373650935,-1.7703857641874292,-2.9551577563861056,0.7141353899190246,0.5502959943569868
-1.2503155389231464,-0.007904515373236347,-0.10853663268515668,1.5425600364717376,-4.201029164363108,-1.9296059260039926,-1.6691738795361086
0.5112218145475347,0.27384239830845625,-0.7857962693827731,-0.16119208203766214,1.2736614110686946,-0.356572517575239,0.02122718138372337
0.39126465993323495,-0.3007645848467349,-0.5162975968615086,0.48760533278600426,0.13891916651735814,0.8673419505833186,0.343828053399557
-1.786707511368078,-1.8521618554012016,1.100370680697223,-2.921829212325365,-1.0614262147702789,-0.7887391013390337,-2.157016835658827
-0.12268463749512722,-0.3256981100737287,0.6756066331644784,-0.4252772699498346,-1.1014478938580072,0.31525495838339646,2.0152697044297843
0.9957013858999235,-0.327305430255024,0.5603291782322569,-1.9148950739253232,1.1019158030022014,3.115925192748321,1.8553606496081436
1.0592237388963208,-0.1480724045477542,-0.25752119890979147,-1.1709302565029527,1.7158727742759479,0.8178352873515633,0.7792153306168647
1.0258368428852387,-0.5634714254250696,0.5733624701729451,0.39969364332070906,0.24779941620490142,-0.3086150104621727,-1.547312130995273
0.0389132069014598,-0.4430121532414673,-0.643561124950648,-0.39545487061505713,-0.547285333861309,-0.23491759503545295,1.1366458815666145
-0.8450453279691511,-0.0397062823469779,-0.25961403134577454,-0.3500766407836174,-0.7238238030562133,-0.9566901298250238,-1.6273172978550825
-1.0836988273580606,0.4424546049697111,0.9698044873917454,-0.40363503210454293,-0.2452825215017851,-0.9032141962463356,-0.10389946396409244
0.3446049047503575,-0.3044267628566672,0.8742776789190644,-0.4581089482694832,0.17892289562106653,1.3236034908314065,0.9555827405759716
0.379280034365163,-0.4096489283680019,-0.9819098459508032,-0.018412997026347855,1.1605928427283776,1.031317075287994,1.6120930607847825
1.2873311116050654,0.09235403825445808,-0.8555264529085758,1.0549523563002392,0.6903667912184372,-0.5306680168275928,0.7984737292791007
1.0999796503420836,-1.9209159258951816,0.10870215281340967,-4.123461106295044,-1.0437334837288104,-0.779520407029924,-2.8074852392129444
-0.1322286565311721,0.4770351272264581,1.7261323746695099,-0.4596737750261724,2.0288987314603206,1.0216411103304106,1.8271832197588274
-1.2442058788608694,-0.0005630971229588082,-1.9155651644689942,0.15865702643309787,-1.6872899351444384,-2.09686647325334,-2.802594927004387
-0.31910659701089783,0.039693526597561826,0.27833293957050426,-0.06790216521618764,-0.8321720888080818,-0.764279400353115,-0.003527410955231569
0.21723119481052466,0.960734307594464,-1.3760433315731482,1.152749002450407,0.45944482607103454,-1.6574293805466418,-1.4076924916958649
-0.2020832453894041,-1.9528155300482481,-0.6343309935255456,-1.2556558273110796,-0.7921167493516872,1.1424310772055084,0.8458160227887961
-0.5778941080776558,-1.9738338698589637,-0.3644284180642414,-1.844458281483399,-1.5802933709664808,-0.4705848193852387,-1.7678801794704897
0.2528848149698989,0.27380384532351953,-0.4205083434368909,-0.3132861966348318,0.29840723793803486,0.44596319217059566,0.36288370481835874
-0.5039577414106104,-0.007116855128515773,-0.5337959396592085,-0.2510526367357432,-0.4806963657503856,0.33613272175604425,-0.9355574106383948
-0.628066083725374,0.17017694319193222,0.007207060376370152,1.2814803655124498,-0.31203623570309214,0.6350882881267634,1.307577058932739
0.31145283430343956,-0.46212707517244556,-0.5352555666305784,-1.092467051540222,-2.2482679694536793,-1.7566889903618292,-2.0188048897797635
-0.4019925801292048,0.6643536742399312,-1.4624573848541527,0.4553891427631909,1.7636665482794172,0.1594789910876303,-0.2482797963896009
0.24410438897835213,0.93263884299112,0.7798696125227764,0.9108005115314945,0.3915060999235008,0.3906664204690365,0.7316695951716362
0.2732040228521227,0.48398229395152703,0.7528721671488805,1.9378571191566492,0.9877039222113666,1.349711133404081,2.2580309144418407
-1.1394290010915746,-0.26082845840458313,0.843174310022669,-0.503754455791888,-2.4606945329252983,-0.24285358164416537,-1.2069510703266024
-0.4812411238654122,-2.107689387614403,-1.5407344962640819,-0.6851910663282734,-1.6273713246772,-2.0702327446526727,-2.411268532880316
1.4377769399164624,0.7692362080371281,0.29891815258415083,1.8319836455339822,0.8477827442199026,-0.7624672334206695,-0.7399824982073911
-1.1620795127342871,1.2217286662175928,0.6759788558069234,0.8891940946590742,0.8863196216058729,0.964187777288443,3.4737107958872038
-2.116654448970531,0.64455841198398,-1.031202068439585,0.2920365822707419,-2.2017075332458518,-1.834383160200475,-0.7964470267680068
-1.8618451532425115,-0.8796424273675065,0.009173248182129144,-1.0151747653948713,-1.1696001459595209,-2.4110048995176228,-2.6477054699611595
0.029109946576669203,0.6737943936677578,-0.11626664531036575,0.2697364928182688,-0.3892667613677777,0.26040640618079075,1.534061870191653
0.03091727803269891,0.8605297079614455,1.8421506585682637,1.5254530327867601,-0.12453550997899016,2.051434541064553,0.5885456967488143
-0.11761085542512094,1.5588162477990857,1.924496037012573,1.4468866505388007,0.1977140773091388,3.810515352945858,1.5929713889320607
1.2141898289285016,-0.8761099242279576,-1.6643563933302008,-0.4480760317279376,2.0335518045173115,-0.5080001551525953,-0.9065592219241279
-2.672834433102938,-0.22645458454413847,2.4939270057279894,-1.301858086324263,-4.294477720420123,-0.9249921271867697,-3.14607427530862
0.3959338744308236,0.7472720511434552,-0.9152257211533239,-0.3846178774833394,-0.7096558666194068,-1.9962061175330352,-2.2069914973958813
1.5614382018035733,0.05741007143815779,0.9806732943274258,2.188226680498743,-0.5687604051173529,0.5607171666672022,1.8710480444443207
-1.127780764891714,-1.1173276020512748,0.9704979808637308,-1.049341254888684,-2.4597360459351876,-0.3028542919769663,0.04093176776397578
-0.3798065117898951,0.414616285026703,-0.9956902268418067,-0.45137129325753184,-0.9969160166899699,-1.8772364829391557,-3.1275584160420538
-0.7528919172286209,0.5786616338151667,0.493267793839099,1.8824552399651273,-2.066965650243981,-0.7992383924333901,0.3679187851423028
-0.8943460460775288,0.08796289633100199,-0.10753374426606396,0.35041960782173365,-1.4814417929862684,-2.711985395178137,-2.4733412789901683
-0.32626200502304,0.21958492717994416,0.5543300046323907,0.749431160064878,-2.2217077007904793,0.27029288534961304,0.8787230314831271
1.4274852836845047,-0.25870590168573016,0.2306723023806257,-0.3398376785964031,0.1333764074478323,-0.5676430488446543,-1.0082371010965963
1.8373866754875203,1.4782789357160593,1.196339485370247,0.8343844792817222,3.3163444350849636,2.1994291253048073,4.02624982030011
-0.3359392250401477,-0.9006921837126766,0.07539954314606226,-0.8721262757931781,-0.2039213198032625,-1.4717102984586887,-1.8908856238425926
1.9050602140644701,-0.5873207627637789,-0.16787406942631122,-1.8408483652543743,1.639307791441294,0.051252983642695926,1.277940529060476
0.035576476984624864,0.010985513527525621,1.0960642330571804,-0.0793587088684275,-0.9679820915678569,-0.03562327022761097,-0.8530175977993244
1.753691026701081,0.8789540277008926,0.5803959648586033,0.9816172186493135,0.2972601438805289,0.48232171599774193,1.841461773323799
-0.09329864965349177,-1.4973731700945367,0.7318133943208879,0.6825121611700151,-1.7444065102659065,0.14847389038180425,0.3597636423427019
0.1310578260461443,-1.3102967497654392,-0.6645866722585968,-0.9360323998118271,-0.38779338065377317,0.8525243253916923,0.07964879141442327
0.36547447264283456,-2.037728507734718,-1.045262781398474,-3.923605278243385,0.4729345932187832,0.2974685852507547,-0.7306774634503383
3.1788536793675353,0.03269522525327079,-0.5677221432527015,-0.0684831570870702,3.6794134470237205,2.265912865490244,2.191928706486677
0.8512855748447891,-1.1183058172065439,-0.6208213856805886,1.8672255956872017,0.9798237765760092,1.5021155502803774,-0.351423744521258
-0.7072645299514636,-0.3845501100179167,0.7861992686529143,0.5664171491710647,-1.4874695436319882,0.3877901334531096,-2.550608313813048
0.9689978702758579,0.661378189891708,0.9759840502940518,-0.29501395569305633,1.0990603460060824,1.0629800712660538,2.2601073487493264
-0.3618325370843415,-0.6415427207828466,-0.15513028953240038,0.09070319221993639,-0.8606767895746192,0.5256265714363884,1.7110553121491452
-0.48975018290120914,0.23128202274336457,1.4309190188243524,-0.5616134471499159,-0.5463237146586246,1.7143334060363742,3.1765097078181537
0.9086013598921112,-0.29933790775172203,1.3684693937651298,-1.5872910875932007,2.722842812352847,2.722296127659197,1.9497901595617741
0.031085587771152785,0.6721143150964368,0.24339891640053923,0.17587980254114854,-1.4997157653589568,-1.9785923632792992,-3.0530562583446956
0.2785759145118061,0.4751280673480088,-0.82189177154304,0.4621263317703081,0.17397905327481344,-1.2727424774776663,-1.368305155157464
0.013985221865292462,-0.69193369617461,1.5753766494355401,-2.4118637854495915,0.9817392565578477,1.1436620840705825,0.03974690464611804
0.3365831266054347,-0.16865175340045263,-0.06101735102840823,-1.2807076581909889,-1.2320922885769685,0.1873487332386503,-1.3397523889365832
0.4249658974361492,1.0437433977204944,0.1261651964309746,0.8244554134043404,0.09128309470537244,0.0979533953340621,2.1494327750651103
-1.9369669327054153,0.393376870254097,-0.33960502560656863,-0.10133921719075845,-2.076517824432417,-0.00811950342009693,1.9365701768193166
0.6665726686095336,-1.3969620577511315,-0.8897903262971976,-0.6948191338997918,-0.1323082205765863,0.7040279271805548,0.9209088923504226
-0.9820194198303006,0.6556180611713827,-1.4686394303152919,-0.7032862395948829,-2.2208477334485948,-0.7107674581701424,-1.101953090400167
-1.4422991355594112,-1.0846106224362382,0.6328683235572881,-0.13188253694696517,-1.0391279054513316,1.1303113676327061,-0.48798578508593393
-0.05841124385868244,1.412513069961006,-0.7834010538966204,-0.08199890249061026,1.1098490748424423,-1.0232704743955239,0.5519393651956229
0.08398100331445427,1.024098839841025,3.0595312289968235,2.4415313970136294,0.9398733918458816,2.8024878877644532,3.7433965776167275
-0.6935061645722808,0.2898854759184008,-1.086073582612479,-1.489647613161964,-1.3722641208975253,-1.8984135165790397,-2.78539324388316
0.8310318576679744,0.1572328434361934,-1.25738247498137,-0.9699126525031817,0.8645400021611005,-2.0396004648751527,-1.7246826427388857
-1.342175166370907,-0.20903225602742,0.5101387156134412,0.2543256433304416,-2.1402939239213734,-0.9343173941401207,-1.519749450535626
-0.40694374877255896,0.6785239514000281,1.5293134789672953,2.19348193358966,-0.44915433921362913,2.0707918699408414,2.9630061562699224
-0.5848741349330007,-0.37077816946206166,0.06458965694322165,0.025836063935762654,1.5148550704674457,1.1824723791336116,-0.4076916683003131
-0.04658727033933937,0.23556987063989387,0.5722424201872743,0.7466024192815084,0.13761390712499358,2.4345259303282494,3.6661789996046403
0.2788642846472388,0.8719343665194511,-1.8435474174587096,0.6976457075582303,-0.6397376200622678,-1.253651182584309,-0.9340666296849006
-1.0078929496235447,-0.5618065435255897,-0.6775115456917667,-1.4646075580651534,-0.8931638157425263,1.6258218781798752,1.910007873922219
0.7242826774562282,-0.6161927399906946,-1.073615729137567,-0.9707686854321211,-0.9373374556731342,-0.9099223816011506,-1.3706377793971918
0.06300236833469973,-1.194365480724459,-1.895045849947881,-2.1435147949463547,-1.5622262503173836,-1.8554499434567726,-2.7752892101421986
-1.8919462533119105,-1.0644727461261723,0.11698023402388695,-2.1089987097552862,-3.0596818374743133,-2.5837191696901276,-4.767998714229098
-1.958591440397031,-1.8283953114415024,-2.2428276216104335,-1.0243994236046254,-2.7882223643456263,-1.5346904490612325,-1.362613784010406
-0.012319292929311235,0.7298287890155296,-1.3221959660874487,-0.5539115266558486,1.181691286896136,-0.7901255488114359,-1.8504401789605525
-0.2209673177863541,1.8089145420827708,-0.537193794013418,1.7305073495479226,1.0192767212716807,-0.5214332671247899,-0.25596290263190247
-0.1034201135746335,1.4253289434703056,-0.8312858359510763,-0.19006617631425926,0.931884959652004,1.1851815773163066,1.008092982406868
-0.02798245653021798,-1.6260844886265164,0.3964085022070677,-0.9719628810119282,-1.6923988737911126,0.6424164469583384,0.2970897211765539
0.22555983951018072,0.7248546715562,0.30558019190248,0.07670407485087344,-0.09137816001712151,1.2803909141825118,-0.45302785870582407
0.9476496098482997,1.4221063499235564,0.8937987459354568,2.5158584865910187,1.5941934899244536,0.9093511588910063,1.8199043107950361
-1.1111049009175582,-0.456809980738664,0.7523837327126781,-0.03259288939709298,-1.754864742445221,-0.37418708512374066,0.288777649918602
-1.1719715929007948,0.10144743065004946,1.1408127893613809,1.3149118889011802,-1.2624751253972726,0.07933572527943208,0.10849999513637332
-1.0933238578873825,-2.0078930508046704,-0.0019184000090541567,-2.3218032960528356,-1.2125956316137079,0.23566073844061586,-1.1460747862916278
0.2889166671687069,0.2667361679766415,0.3034669008166697,0.2641975512659477,-0.0040575219727024825,1.739888262112849,1.9316662483839655
1.2449473786464456,-1.0635597294347174,0.5115137019191913,-1.810663747075358,0.9369179032222819,1.1068981068383323,0.28671255479428415
-0.4313394382395105,0.19963501791151453,0.1416566973910257,-0.25788992877343675,1.2873354010202245,2.642019168198895,1.259595527693654
-2.5016998441596545,-1.5612029221888803,-0.3971943099170739,-1.4798425020519559,-2.8947586861720054,-0.651707462892927,-1.6039873197804229
-1.7039928626103755,0.5428582244775959,-0.3324425343397702,-0.30242880559461444,-0.1131356021846619,-0.4918247863881737,0.1851126601198615
-0.8330367227960116,1.0245126754266898,-0.8175583983299655,-0.416382972012877,0.19320755487416952,0.4087685988577726,-0.9583606022583806
-0.5577288874952148,-0.7831798617151676,0.4216168299098296,-2.0243976157904835,-2.226579077207912,0.9653821285093072,-0.41967224013644816
-0.4083886272547264,-1.1369225814104345,-0.09401517408515554,-3.226547729207536,-1.8553580384687882,1.1050884580975833,-1.7944051030066797
0.038581122980917065,-2.156023042549981,-0.6631737506367649,-2.7380444366924435,-1.554638370968992,0.07613635226824012,-0.16015480369042334
-0.3117463308224471,-0.26641353407517704,-0.6622448193245927,0.4196913400932064,-1.2192989616746244,-0.9336018670768292,-0.8206676899861695
1.0493396105434072,-0.5815939342816051,-1.2103987277827886,-2.052141800752935,0.6190778380673884,-0.6885554381509246,-2.236563016039342
-0.6760173056813688,-1.5510194123480547,0.9788413412371997,-2.5779179878847875,-0.5163478021827876,0.9505946241462002,-0.22006838392989286
-0.862317959475543,0.45301875631217164,0.07861766953178756,2.144253201156409,0.6634983566702604,2.021291710882372,1.4861286179905884
0.4788755385204616,-0.44997038186464916,-0.8628000195732701,-0.9874729477026805,0.5673071735852566,0.15412133819238955,-1.2525222344459768
-1.5356420699261193,-1.0757359586452324,0.8085477496020183,-0.5180280385784455,-2.158195742414765,-0.015356607464582062,-1.896800700472969
0.3896917053200022,-0.5545724056404471,-0.560448809794373,0.2097506701009459,-1.9373098019756287,-1.1678698186444518,-2.012045459061733
0.10255318372626686,1.0713045389296156,-1.4065006270122327,1.4981436701463804,0.5347674338845555,-0.9592761061307467,1.12274449734557
-0.1474424899181674,0.6029369437552222,1.021222289219133,-1.0520234144789864,0.10852315778051339,0.5198587336731757,-0.7211873008818684
1.5882761071492624,-0.13002606149848983,-0.5370969895661131,-0.3324800078683123,1.5192198452343446,0.48607478206999494,0.9817841605226041
-0.6222074452947179,0.6191050184648526,-0.4088990902087895,-1.1353253551158071,1.7816065767596265,2.266305519852205,0.7022858429185185
2.0602981705240784,-1.160911956386739,0.04118002034917748,1.5408065329286669,2.626736769813662,0.9678493805018361,2.5900192409573837
-0.2254314492280993,0.03237010072703053,1.1425892227901149,-1.5696265854485163,0.600265092676,1.0311366857454518,-0.7713704033305603
-1.2770164449702281,0.14732233048647056,0.020037290866311695,-0.9329288010903731,-2.0215186215254333,-1.7626379197558404,-2.167196859926165
0.0699195809948253,-0.4698365084987269,-1.1991171261452302,-1.4070733314705117,-0.6166074917057999,-0.30429492300449756,-0.8260949555282268
-1.0762452003187681,0.43545833595741784,0.5438770041121802,-1.1570029746760944,-0.8787675136207342,1.3084375401385038,2.90722909360324
-0.7517558478135002,-0.7804334546444512,-0.48498972426172404,0.7438558151338733,-1.702586420733657,0.5576403275843413,1.371160532925413
0.39703330001549114,0.5098207077761179,1.8879239715294662,2.820108053148868,1.0243207437202366,1.834821721718086,2.3777409787245736
0.5555820886501248,0.5518587715312919,-0.0011197219978901704,-0.04529927751820967,1.0334158363772654,1.038697182010313,1.7037843251117912
-0.6221677002542582,-2.917159880697066,-2.235035497898666,-3.5958078537881217,-2.6505996505198706,-2.7320421736011524,-2.02970392912581
0.9874051450464006,1.1903057035101177,0.357364972155674,-1.3084870499881294,2.472466181515034,1.8621947441128057,-0.3320817410982493
1.157507758021134,-3.047632565352754,1.9445977922602284,-2.6212621194972496,0.0426706854137829,1.5388175921367582,-0.3880483847226113
1.436301756563291,-0.6160490255561253,1.5759202885453896,-0.7968836630952216,-0.6951057774768319,0.7225373662850545,0.27912144475408945
0.5294134071257222,1.025348034257755,1.8309542887565653,0.14847534036090437,0.7681186178446231,1.6185987293362802,1.2208767304223223
1.3634287120856987,-0.31728672525244067,-1.0197601853814635,-0.026108391720675334,1.3563390815991085,0.43002355517674035,0.23318433211574424
-1.8807984279740577,-1.466185982469542,0.9121523959767788,-0.7484519235107565,-1.1766673647660295,-0.25811826348467476,-2.110620373380243
-0.31790654862846257,-1.0937370617166706,-0.7219945397367117,-0.5300316502011024,-0.9968630720342134,-1.1387217891301906,0.07570332875076069
-0.8670052563234263,1.0269057463206197,0.2242893994169245,0.4848616101615962,0.43306070565804317,2.041298758856166,0.5715790563070562
0.11922586112739209,-1.9215045305486382,-1.2729524287397325,-2.6003953634021997,-0.3816580997409766,1.7495701181443093,0.32421675593532373
-0.5714492191967373,1.1289911009620173,-0.6444557648827163,1.5464461565570895,-1.417068544402035,-2.2416103677422434,-0.4481836014156162
-0.16615784194973238,-0.05510209904228934,-0.6762466973636153,-0.030465877831455233,-1.5790098306435822,-2.389298580531112,-2.286933383960778
1.8821748802040494,-1.1923953304424335,0.8985552801426162,-0.04171083291044797,2.34271365027202,0.6541725885026812,-0.14426658332024167
-0.1697197964203783,-0.5831150723026911,0.8007191216696554,0.3352457930761323,0.8442376801900981,0.7730643964821755,-0.5076336501574468
0.4137923171902139,-1.0172243411016413,0.2768197293308208,-2.2151970551063958,0.32688002697463464,1.2145047553609514,0.0007484939968804283
-0.2322693299242352,0.8662252008585286,-1.3504214180553855,-0.7585665507879509,1.596811224446429,0.472556713854826,-0.6739304516944477
0.07571328795683367,0.7324278097628383,-0.31163943394972,-0.18424702712551455,1.3788301429810454,0.5992882520731124,0.6931856719013896
0.006016680436071459,-1.7191611338760466,-0.746116482942726,-2.3972110927139845,0.08715684460248696,0.10556390760452788,-2.333295315062293
0.4483240659731595,-0.4035921185193341,0.869675756694491,0.44044992353102014,-0.66252679281879,-0.4510242442462406,0.6412587854334675
1.165307535547177,-0.8631856623442771,1.1781848528171845,-0.3219751406406184,2.44313132513789,1.585760933306086,1.6033478602847917
1.6473939976033294,1.2935099684593703,1.056385586030883,2.1081217691836196,2.4222626990839493,1.7248827295511278,2.9146309132724153
0.30962008190916684,-1.350099118126421,-0.7552194194170205,-0.65659049472769,-0.5890039946948937,-2.3175041765231077,-0.9562854080111884
0.5895468860356021,1.604229104685014,-2.739533122289479,1.4599482835276798,0.4061159721854307,-2.6770685530586293,-2.2230503956148606
-1.150864509185567,-0.033294739516937566,-1.7669618981300543,1.173759883520959,-0.7561215003085144,-2.557337113257124,-2.7490358463424607
-0.08787674241562057,-1.1619344063800876,1.4216269780822084,-0.43658149724141987,-2.1541888929730755,0.6761319482568595,-0.11811493679583507
0.940289464883589,-0.6772741840092779,-0.4012549393198239,-0.4601729000895179,1.280679145398338,0.5728825016233776,0.26461744038285706
0.8659686384171532,-0.8016188407684506,-0.7507246182651125,0.855190338131294,-0.4807446935400612,-0.07072317534345429,0.3235703205299452
0.21160973279505021,-1.274618402015506,1.642660293436234,-0.8790214704193047,0.10859213565055337,-0.7723391468292504,-1.8994431101699205
0.8863939595679524,0.09482685973037566,1.2651599454883269,-0.23037565432822862,0.2827318083715906,-0.5719382060816248,-2.5388181013062745
0.49076670899381886,-1.2279155506918433,0.02444872191978665,-1.7955973883172875,-0.2672221186422264,0.5581236944577612,-0.7501811698405574
1.2003062582593216,-2.1803662087381888,-0.2934030910639739,-0.997660183770376,-0.475771601137821,-3.174676778637734,-2.865577803293753
0.2893591569571111,-0.3796764708481731,-0.13210121281312523,0.9409028945808939,-0.042373729424975415,1.1236584274144281,1.6234655788231194
-0.35569831557103465,-1.8028561964178826,0.22716279838746606,-1.4568152346393786,0.9489223427242949,-1.2554611542966283,-0.6406957355892047
0.33584125693302364,-0.7521608680675204,1.600047281319608,0.7212301466871727,1.413985216756739,2.471667553883668,4.607925695552377
-2.9305943758527757,-0.9091028886033559,0.4224674242372267,-2.6791152850821938,-2.5133241630076326,-1.7576506950833166,-2.40827821641522
0.38288573638504947,-0.8712160720258142,0.7260290330391413,-0.7350019109880499,0.002890699881005744,1.5003425306023028,2.5115635198735626
-3.6484128252147836,2.0009631015901537,1.1692701090701714,1.5206563071358836,-1.6295808816874229,3.1997969847806607,3.922174032899643
-1.723463407405418,0.05641156716957076,-1.169676001024419,-0.6829933500150818,-0.3496987218258074,-3.1557411755778784,-1.742677420829233
0.45176860094098414,0.24537100899533215,0.7548618924740429,2.575250424998232,-0.35089984624050674,1.005486590386327,3.952043764222119
0.47752933726679525,-1.7763982963422946,-0.29456875466161137,-1.451783303835751,-0.2837277479298934,-2.118472828052391,-1.5812025661144864
-1.1624287801399305,-0.6539631336369219,-2.516095195772766,-0.9178220158412324,-3.0621583650627424,-2.511181363439845,-2.174797729804392
-0.7121020418789388,0.21530262994151197,-2.128169541985812,0.19389816478788435,0.5789292543057474,-1.265719115145511,-1.3915480036081647
1.370540988614132,-1.0245289129130064,-1.0181176115186856,-2.8019462905979746,2.898809798275598,0.8030138125442774,-0.3212010117350235
-0.48403013157267616,0.9080628435179854,0.5312232285925814,-0.05157890740088644,-0.023201594613847923,-0.592768592177068,-0.9742149693617643
2.242920312402985,-1.2026965859010301,0.11379956534029644,0.04513663244260058,-0.5946132581777799,0.5835208738274832,1.4749144161173215
-0.001919853176346149,-0.2863661358651756,0.184366707175664,-0.8523109409076117,0.5069920967607985,-1.10590403597911,-2.115582076323119
0.4080361768812668,-0.5860516399755586,1.950943482686692,-1.2859954419812074,-0.7542157662538237,2.1118251273502686,1.2729578215984856
1.6168743984986076,0.16432065938191598,-1.2690896148598123,1.4376957508322947,0.8008435158129993,-0.8357062857074166,-2.303973886223492
0.13102711619341956,-0.640490071855426,-0.027433354183723595,0.8406721449045966,0.5163984557298797,-1.1873200519185523,0.9974047939023769
-1.0023439806908012,-0.27089362707093734,0.3044355228138156,0.3056934430458107,-0.7122979071631007,1.4631527892618685,1.1414009744471139
-0.10972745169429012,-0.23613009177798555,-0.7362731165383355,-0.639298805625496,-0.666217190434929,-0.823629720758639,-0.5995582581081786
-0.03561073619009093,-0.734387757391301,0.028326745082940964,-0.8122935158815383,-0.9376226881739989,1.5032683427151503,2.501910645902719
-1.3647416522015654,0.48509386849711267,-1.599949334084345,-0.4257767441472111,-0.8917063282205399,-0.17188030551819478,-0.22005566146024563
-0.25583207134082336,0.23838837483742528,1.4099062172750279,-0.8088301866554531,-0.548603523385785,-0.1708754355995209,0.904374397449725
-0.7421920939974367,-0.0886139452531673,-0.6816145525304338,-1.1135353656059028,-1.7859591362193858,-1.3112724348043414,-3.0365263559496096
0.9243577571874341,-0.4304583334619581,2.031400164778503,-0.9538119068855349,0.32096765056302234,1.5249414845796063,3.5255995587303226
0.03461187418525562,0.796544030519997,-0.03247432391745505,-0.41341664687914725,0.6484953644783555,1.7979920331728771,2.5859731748255914
-0.28279574914757005,-0.23583424381418136,1.0280535653991831,-1.7476558287182105,-0.5066777539129828,0.8469059346537663,0.20856955797662896
-0.10618193062257626,-0.3066972878259372,-0.05330286899115438,-0.019821214750325278,-1.6132309286289046,-0.5827090755610635,0.8608331190300814
0.22312201840616613,0.10469002988812601,-0.03074383226052982,0.3162538042061753,1.219822287849748,0.3299792664325505,-0.696759170005643
0.6168141996897798,1.6965866829708507,-0.5840293332220078,3.0241303711455805,-1.6083777441734275,-1.136425207330326,0.035071583965573694
-0.9997122286693814,-1.340356208021204,0.11912392936627762,-1.7138162106112418,-1.785239466778218,0.5750911618352184,1.112181616619279
-1.0415876326212719,0.7698568930553547,0.31799869441404743,0.8965889662064472,-1.2569297823650483,-0.364753860730088,-1.9561544081459397
1.10467921540253,-1.893171161238105,-0.7842585089151799,-1.1639609264909203,0.4466398888382792,-0.6802495968483606,-0.4290692504989373
-0.4123368722047306,0.21727315822862395,-0.1250444158598842,-0.08436449770720639,0.2789743343646382,-0.5164962529827279,-0.038045882829496835
-1.416842092596874,1.5750828276087308,-0.6100988660571137,1.972898194284486,0.4453911773648106,-0.7316004209774077,1.9529941768179087
0.44381270938310463,0.48866852446730713,2.2996640696148387,1.1563906359352139,-0.15525383262530168,-0.04616849756295083,-1.0709484967838352
0.4633698060326869,0.1706250785397928,-0.08973076991161853,0.46049865645857835,1.0494328460708469,-0.33376360493980145,1.5574834014990557
-1.5307152572567064,-0.5604494688030756,1.5452321516965593,-0.6927902907141945,-1.3320612000129497,1.8570366696963623,0.6706805512182388
0.2294817154636063,0.03104720048855424,-0.19562233080768832,-0.3333132921734627,-1.5010237625588918,-1.0033457988197647,-1.4936131454385562
0.7355830924283736,-0.2520628154033563,0.25928764153490796,-1.5643628948116772,2.45227556045562,1.9686940085127702,0.031830798203750676
0.37438645170626306,-0.7859766079313554,-1.3213640716452693,-1.418979532804149,-1.388150727031725,-3.9226700694851777,-5.297426162472111
0.6319814837613953,-0.28987561547486984,-0.44707259186786463,-0.8481105039720864,0.8678646977659243,0.681665416002469,0.7549412605172028
-1.404269098090749,0.19838116062643954,0.21053467078924676,-0.9692344571408112,-0.7623207649219501,-0.37386555269465827,-2.059352678109734
0.3310401549961956,-0.7672170685306403,1.5860038309598667,-0.15850534676623523,0.2951157431900432,0.6346844367401281,1.3054187808612587
-0.30261975947044656,-0.8062818206846841,0.22198277767627117,0.5677280488529564,-1.0400547101405355,-0.14943533998282113,-0.597158420878164
-0.4827901587246448,-1.3602434375921744,1.3837203611929991,-1.969052313651046,-0.06885999010719968,0.33109437457939184,-1.8145712529939668
0.8705556094197265,0.3907250260888961,0.6407291102029202,0.5882069560939761,-0.6662303346168198,-2.0264265221401145,-2.046284591605227
1.47927451067423,0.5453232619670604,1.6274013394646858,-0.6087589951954031,1.4120031773011283,2.56663820142555,2.654220037535694
1.794370054600359,0.23166044423651747,-0.059042217305055426,-0.1242270244346785,1.0783084264326348,0.6916501785137443,0.5457318906778977
1.314807871505905,0.9651704927286658,2.390222710651804,0.06250340515058361,0.8043945785981388,1.529973186225429,1.654886669032966
-0.10973418163018368,0.08786763708072752,-0.485396202914123,0.670432405529409,0.36403272241354057,-1.1033162927931004,-0.055856199695777486
0.35272016302634307,0.3920109373657567,-0.766461834197669,-0.37301964269688803,1.5215489126306165,-1.2603668426259125,-0.20426453719138737
0.7668228717842437,0.30383742563756283,-1.2100528496890341,1.2486536057039457,0.43022323558857295,-0.3327396037242857,0.017064883731631675
0.12117794929946196,-0.09154001941820787,2.3310246715580702,-0.31712198880840115,0.8540668990199366,3.443006361150334,2.03716457851497
0.13076418791154437,-0.5308218281296473,0.8194475726178976,-1.0636447355359557,-0.022282130917734462,0.7011970128511542,0.2878398090221294
0.823753131876182,2.214152615791911,-0.33412073338030845,0.4737337779725277,0.5988864310214386,-1.32041756682897,-0.44654531937477976
